Iteration,t_k,gradnorm,objective,time,grad_time,prox_time
0,0.000399,23861.094883,227164.766039,15.000000,9.000000,1.000000
1,0.000399,39.553942,92.030650,50.000000,9.000000,0.000000
2,0.000399,39.084976,90.788490,78.000000,9.000000,1.000000
3,0.000399,38.523795,89.227694,106.000000,9.000000,0.000000
4,0.000399,37.876240,87.377681,135.000000,9.000000,0.000000
5,0.000399,37.148115,85.266975,164.000000,9.000000,0.000000
6,0.000399,36.345363,82.924492,191.000000,9.000000,0.000000
7,0.000399,35.474134,80.379779,218.000000,8.000000,0.000000
8,0.000399,34.540803,77.662899,246.000000,9.000000,0.000000
9,0.000399,33.551964,74.804136,275.000000,9.000000,0.000000
10,0.000399,32.514406,71.833638,302.000000,9.000000,1.000000
11,0.000399,31.435083,68.781036,330.000000,9.000000,0.000000
12,0.000399,30.321077,65.675059,358.000000,9.000000,0.000000
13,0.000399,29.179563,62.543174,384.000000,9.000000,1.000000
14,0.000399,28.017759,59.411258,412.000000,9.000000,1.000000
15,0.000399,26.842887,56.303308,440.000000,9.000000,1.000000
16,0.000399,25.662129,53.241204,467.000000,9.000000,0.000000
17,0.000399,24.482577,50.244516,495.000000,9.000000,1.000000
18,0.000399,23.311186,47.330374,523.000000,9.000000,1.000000
19,0.000399,22.154726,44.513387,551.000000,9.000000,1.000000
20,0.000399,21.019731,41.805613,579.000000,9.000000,0.000000
21,0.000399,19.912438,39.216586,606.000000,9.000000,0.000000
22,0.000399,18.838732,36.753385,635.000000,9.000000,0.000000
23,0.000399,17.804077,34.420747,661.000000,9.000000,0.000000
24,0.000399,16.813444,32.221219,689.000000,9.000000,0.000000
25,0.000399,15.871228,30.155337,716.000000,9.000000,1.000000
26,0.000399,14.981161,28.221832,744.000000,9.000000,0.000000
27,0.000399,14.146216,26.417853,770.000000,9.000000,0.000000
28,0.000399,13.368514,24.739201,797.000000,9.000000,0.000000
29,0.000399,12.649228,23.180569,823.000000,8.000000,0.000000
30,0.000399,11.988517,21.735780,851.000000,9.000000,0.000000
31,0.000399,11.385474,20.398016,878.000000,9.000000,0.000000
32,0.000399,10.838120,19.160039,905.000000,9.000000,0.000000
33,0.000399,10.343458,18.014392,931.000000,9.000000,0.000000
34,0.000399,9.897573,16.953583,959.000000,9.000000,1.000000
35,0.000399,9.495798,15.970250,986.000000,9.000000,0.000000
36,0.000399,9.132923,15.057293,1011.000000,9.000000,1.000000
37,0.000399,8.803433,14.207987,1038.000000,9.000000,0.000000
38,0.000399,8.501755,13.416075,1066.000000,9.000000,0.000000
39,0.000399,8.222488,12.675824,1092.000000,9.000000,0.000000
40,0.000399,7.960603,11.982068,1119.000000,9.000000,0.000000
41,0.000399,7.711596,11.330225,1147.000000,9.000000,0.000000
42,0.000399,7.471600,10.716298,1174.000000,9.000000,0.000000
43,0.000399,7.237440,10.136849,1201.000000,9.000000,0.000000
44,0.000399,7.006660,9.588975,1228.000000,9.000000,0.000000
45,0.000399,6.777504,9.070257,1255.000000,9.000000,0.000000
46,0.000399,6.548882,8.578712,1281.000000,9.000000,1.000000
47,0.000399,6.320311,8.112733,1309.000000,9.000000,0.000000
48,0.000399,6.091852,7.671028,1334.000000,9.000000,0.000000
49,0.000399,5.864031,7.252557,1361.000000,9.000000,1.000000
50,0.000399,5.637762,6.856480,1388.000000,9.000000,0.000000
51,0.000399,5.414267,6.482091,1415.000000,9.000000,0.000000
52,0.000399,5.194995,6.128776,1443.000000,9.000000,0.000000
53,0.000399,4.981534,5.795967,1470.000000,9.000000,0.000000
54,0.000399,4.775530,5.483101,1497.000000,9.000000,0.000000
55,0.000399,4.578601,5.189598,1525.000000,9.000000,0.000000
56,0.000399,4.392249,4.914834,1552.000000,9.000000,0.000000
57,0.000399,4.217779,4.658129,1579.000000,9.000000,1.000000
58,0.000399,4.056217,4.418739,1606.000000,9.000000,1.000000
59,0.000399,3.908244,4.195858,1634.000000,9.000000,1.000000
60,0.000399,3.774145,3.988619,1662.000000,9.000000,1.000000
61,0.000399,3.653785,3.796106,1688.000000,10.000000,0.000000
62,0.000399,3.546603,3.617362,1716.000000,9.000000,1.000000
63,0.000399,3.451651,3.451410,1743.000000,9.000000,1.000000
64,0.000399,3.367651,3.297263,1766.000000,8.000000,1.000000
65,0.000399,3.293080,3.153945,1791.000000,9.000000,0.000000
66,0.000399,3.226264,3.020504,1817.000000,8.000000,0.000000
67,0.000399,3.165479,2.896026,1846.000000,9.000000,0.000000
68,0.000399,3.109042,2.779651,1874.000000,9.000000,1.000000
69,0.000399,3.055394,2.670580,1901.000000,9.000000,1.000000
70,0.000399,3.003157,2.568086,1928.000000,9.000000,1.000000
71,0.000399,2.951182,2.471515,1955.000000,9.000000,1.000000
72,0.000399,2.898573,2.380293,1979.000000,9.000000,1.000000
73,0.000399,2.844695,2.293919,2012.000000,12.000000,0.000000
74,0.000399,2.789173,2.211971,2048.000000,12.000000,0.000000
75,0.000399,2.731879,2.134094,2084.000000,11.000000,0.000000
76,0.000399,2.672907,2.059994,2121.000000,12.000000,0.000000
77,0.000399,2.612550,1.989435,2152.000000,12.000000,1.000000
78,0.000399,2.551267,1.922225,2186.000000,11.000000,0.000000
79,0.000399,2.489647,1.858211,2216.000000,9.000000,0.000000
80,0.000399,2.428369,1.797265,2242.000000,9.000000,0.000000
81,0.000399,2.368163,1.739281,2269.000000,9.000000,0.000000
82,0.000399,2.309769,1.684161,2296.000000,9.000000,0.000000
83,0.000399,2.253891,1.631815,2323.000000,9.000000,0.000000
84,0.000399,2.201159,1.582148,2352.000000,9.000000,0.000000
85,0.000399,2.152088,1.535060,2379.000000,9.000000,1.000000
86,0.000399,2.107050,1.490444,2407.000000,9.000000,0.000000
87,0.000399,2.066248,1.448178,2434.000000,9.000000,0.000000
88,0.000399,2.029705,1.408133,2461.000000,9.000000,0.000000
89,0.000399,1.997263,1.370167,2487.000000,9.000000,0.000000
90,0.000399,1.968597,1.334129,2513.000000,9.000000,0.000000
91,0.000399,1.943238,1.299863,2541.000000,9.000000,0.000000
92,0.000399,1.920606,1.267209,2567.000000,9.000000,1.000000
93,0.000399,1.900048,1.236008,2594.000000,9.000000,1.000000
94,0.000399,1.880874,1.206104,2619.000000,9.000000,0.000000
95,0.000399,1.862403,1.177348,2646.000000,9.000000,0.000000
96,0.000399,1.843988,1.149604,2674.000000,9.000000,1.000000
97,0.000399,1.825052,1.122746,2701.000000,9.000000,1.000000
98,0.000399,1.805107,1.096665,2728.000000,9.000000,1.000000
99,0.000399,1.783768,1.071269,2755.000000,9.000000,1.000000
100,0.000399,1.760767,1.046484,2782.000000,9.000000,0.000000
101,0.000399,1.735954,1.022253,2809.000000,9.000000,0.000000
102,0.000399,1.709295,0.998538,2836.000000,9.000000,1.000000
103,0.000399,1.680875,0.975313,2863.000000,9.000000,1.000000
104,0.000399,1.650878,0.952572,2890.000000,9.000000,1.000000
105,0.000399,1.619589,0.930316,2917.000000,9.000000,1.000000
106,0.000399,1.587370,0.908559,2944.000000,9.000000,0.000000
107,0.000399,1.554648,0.887320,2971.000000,9.000000,1.000000
108,0.000399,1.521896,0.866622,2996.000000,9.000000,1.000000
109,0.000399,1.489613,0.846490,3022.000000,9.000000,0.000000
110,0.000399,1.458298,0.826945,3050.000000,9.000000,0.000000
111,0.000399,1.428427,0.808009,3078.000000,9.000000,1.000000
112,0.000399,1.400433,0.789693,3105.000000,9.000000,0.000000
113,0.000399,1.374675,0.772005,3133.000000,9.000000,0.000000
114,0.000399,1.351425,0.754942,3160.000000,9.000000,1.000000
115,0.000399,1.330847,0.738494,3187.000000,9.000000,0.000000
116,0.000399,1.312990,0.722641,3214.000000,9.000000,0.000000
117,0.000399,1.297784,0.707355,3240.000000,9.000000,0.000000
118,0.000399,1.285046,0.692601,3268.000000,9.000000,1.000000
119,0.000399,1.274492,0.678336,3294.000000,9.000000,0.000000
120,0.000399,1.265757,0.664513,3321.000000,9.000000,1.000000
121,0.000399,1.258416,0.651082,3348.000000,9.000000,1.000000
122,0.000399,1.252007,0.637990,3375.000000,9.000000,0.000000
123,0.000399,1.246058,0.625184,3402.000000,9.000000,1.000000
124,0.000399,1.240106,0.612615,3429.000000,9.000000,0.000000
125,0.000399,1.233717,0.600236,3456.000000,9.000000,0.000000
126,0.000399,1.226501,0.588004,3483.000000,9.000000,0.000000
127,0.000399,1.218123,0.575885,3510.000000,9.000000,1.000000
128,0.000399,1.208309,0.563848,3537.000000,9.000000,0.000000
129,0.000399,1.196853,0.551875,3564.000000,9.000000,0.000000
130,0.000399,1.183615,0.539951,3591.000000,9.000000,1.000000
131,0.000399,1.168526,0.528073,3618.000000,9.000000,0.000000
132,0.000399,1.151577,0.516244,3644.000000,9.000000,0.000000
133,0.000399,1.132824,0.504475,3671.000000,9.000000,0.000000
134,0.000399,1.112373,0.492784,3697.000000,9.000000,0.000000
135,0.000399,1.090384,0.481194,3726.000000,8.000000,0.000000
136,0.000399,1.067056,0.469733,3754.000000,9.000000,0.000000
137,0.000399,1.042625,0.458433,3780.000000,9.000000,0.000000
138,0.000399,1.017353,0.447328,3808.000000,9.000000,1.000000
139,0.000399,0.991520,0.436453,3834.000000,9.000000,1.000000
140,0.000399,0.965419,0.425844,3861.000000,10.000000,0.000000
141,0.000399,0.939342,0.415534,3889.000000,9.000000,1.000000
142,0.000399,0.913575,0.405556,3917.000000,9.000000,0.000000
143,0.000399,0.888391,0.395938,3944.000000,9.000000,0.000000
144,0.000399,0.864037,0.386708,3971.000000,9.000000,0.000000
145,0.000399,0.840733,0.377887,3999.000000,9.000000,0.000000
146,0.000399,0.818661,0.369492,4026.000000,9.000000,0.000000
147,0.000399,0.797964,0.361537,4053.000000,9.000000,1.000000
148,0.000399,0.778744,0.354031,4079.000000,9.000000,0.000000
149,0.000399,0.761059,0.346978,4107.000000,9.000000,0.000000
150,0.000399,0.744929,0.340378,4135.000000,9.000000,0.000000
151,0.000399,0.730336,0.334229,4162.000000,9.000000,0.000000
152,0.000399,0.717235,0.328523,4189.000000,9.000000,0.000000
153,0.000399,0.705556,0.323251,4217.000000,9.000000,0.000000
154,0.000399,0.695217,0.318400,4242.000000,9.000000,1.000000
155,0.000399,0.686130,0.313954,4267.000000,9.000000,0.000000
156,0.000399,0.678207,0.309898,4294.000000,9.000000,0.000000
157,0.000399,0.671369,0.306213,4321.000000,9.000000,0.000000
158,0.000399,0.665548,0.302879,4348.000000,9.000000,1.000000
159,0.000399,0.660689,0.299877,4375.000000,9.000000,0.000000
160,0.000399,0.656756,0.297185,4403.000000,9.000000,0.000000
161,0.000399,0.653721,0.294781,4430.000000,9.000000,0.000000
162,0.000399,0.651570,0.292642,4456.000000,9.000000,0.000000
163,0.000399,0.650294,0.290747,4483.000000,10.000000,0.000000
164,0.000399,0.649887,0.289071,4511.000000,9.000000,0.000000
165,0.000399,0.650338,0.287592,4537.000000,9.000000,1.000000
166,0.000399,0.651628,0.286284,4564.000000,9.000000,0.000000
167,0.000399,0.653722,0.285123,4592.000000,9.000000,0.000000
168,0.000399,0.656573,0.284085,4620.000000,9.000000,0.000000
169,0.000399,0.660113,0.283144,4648.000000,9.000000,1.000000
170,0.000399,0.664253,0.282274,4672.000000,9.000000,0.000000
171,0.000399,0.668887,0.281452,4699.000000,9.000000,1.000000
172,0.000399,0.673893,0.280650,4727.000000,9.000000,0.000000
173,0.000399,0.679133,0.279843,4752.000000,9.000000,0.000000
174,0.000399,0.684461,0.279008,4778.000000,9.000000,0.000000
175,0.000399,0.689723,0.278121,4805.000000,9.000000,0.000000
176,0.000399,0.694764,0.277158,4832.000000,9.000000,0.000000
177,0.000399,0.699434,0.276098,4860.000000,9.000000,0.000000
178,0.000399,0.703587,0.274920,4888.000000,9.000000,0.000000
179,0.000399,0.707087,0.273608,4916.000000,9.000000,0.000000
180,0.000399,0.709815,0.272144,4942.000000,9.000000,1.000000
181,0.000399,0.711664,0.270516,4969.000000,9.000000,1.000000
182,0.000399,0.712546,0.268711,4997.000000,9.000000,0.000000
183,0.000399,0.712393,0.266721,5026.000000,9.000000,0.000000
184,0.000399,0.711156,0.264542,5053.000000,10.000000,0.000000
185,0.000399,0.708806,0.262168,5081.000000,9.000000,0.000000
186,0.000399,0.705335,0.259601,5107.000000,8.000000,1.000000
187,0.000399,0.700751,0.256842,5130.000000,9.000000,0.000000
188,0.000399,0.695085,0.253897,5156.000000,9.000000,1.000000
189,0.000399,0.688381,0.250773,5184.000000,8.000000,0.000000
190,0.000399,0.680699,0.247479,5211.000000,9.000000,0.000000
191,0.000399,0.672113,0.244027,5239.000000,9.000000,0.000000
192,0.000399,0.662708,0.240430,5266.000000,9.000000,0.000000
193,0.000399,0.652577,0.236703,5293.000000,9.000000,1.000000
194,0.000399,0.641820,0.232860,5318.000000,9.000000,0.000000
195,0.000399,0.630542,0.228919,5345.000000,9.000000,0.000000
196,0.000399,0.618847,0.224897,5372.000000,9.000000,0.000000
197,0.000399,0.606841,0.220809,5400.000000,9.000000,0.000000
198,0.000399,0.594627,0.216675,5427.000000,9.000000,0.000000
199,0.000399,0.582302,0.212509,5454.000000,9.000000,0.000000
200,0.000399,0.569957,0.208328,5479.000000,9.000000,1.000000
201,0.000399,0.557676,0.204148,5506.000000,9.000000,0.000000
202,0.000399,0.545533,0.199983,5536.000000,9.000000,1.000000
203,0.000399,0.533595,0.195848,5563.000000,9.000000,0.000000
204,0.000399,0.521916,0.191755,5591.000000,9.000000,1.000000
205,0.000399,0.510544,0.187716,5619.000000,9.000000,0.000000
206,0.000399,0.499519,0.183741,5656.000000,14.000000,0.000000
207,0.000399,0.488870,0.179840,5696.000000,13.000000,1.000000
208,0.000399,0.478624,0.176022,5724.000000,11.000000,0.000000
209,0.000399,0.468801,0.172293,5751.000000,9.000000,0.000000
210,0.000399,0.459418,0.168661,5780.000000,9.000000,0.000000
211,0.000399,0.450493,0.165131,5806.000000,9.000000,0.000000
212,0.000399,0.442040,0.161708,5834.000000,9.000000,1.000000
213,0.000399,0.434075,0.158394,5861.000000,9.000000,0.000000
214,0.000399,0.426615,0.155192,5889.000000,9.000000,0.000000
215,0.000399,0.419678,0.152105,5917.000000,9.000000,1.000000
216,0.000399,0.413282,0.149134,5943.000000,9.000000,0.000000
217,0.000399,0.407445,0.146278,5971.000000,9.000000,1.000000
218,0.000399,0.402185,0.143538,5998.000000,10.000000,0.000000
219,0.000399,0.397514,0.140913,6032.000000,11.000000,0.000000
220,0.000399,0.393441,0.138399,6067.000000,12.000000,0.000000
221,0.000399,0.389969,0.135996,6103.000000,11.000000,0.000000
222,0.000399,0.387091,0.133700,6136.000000,11.000000,0.000000
223,0.000399,0.384790,0.131507,6165.000000,9.000000,1.000000
224,0.000399,0.383040,0.129413,6192.000000,9.000000,1.000000
225,0.000399,0.381803,0.127414,6217.000000,9.000000,0.000000
226,0.000399,0.381030,0.125503,6241.000000,9.000000,0.000000
227,0.000399,0.380665,0.123677,6268.000000,9.000000,0.000000
228,0.000399,0.380639,0.121929,6294.000000,9.000000,0.000000
229,0.000399,0.380879,0.120252,6321.000000,9.000000,0.000000
230,0.000399,0.381309,0.118642,6349.000000,9.000000,1.000000
231,0.000399,0.381848,0.117091,6376.000000,9.000000,1.000000
232,0.000399,0.382417,0.115595,6403.000000,9.000000,0.000000
233,0.000399,0.382940,0.114146,6430.000000,9.000000,0.000000
234,0.000399,0.383345,0.112739,6457.000000,9.000000,0.000000
235,0.000399,0.383567,0.111370,6485.000000,9.000000,0.000000
236,0.000399,0.383549,0.110032,6512.000000,9.000000,1.000000
237,0.000399,0.383244,0.108721,6539.000000,8.000000,0.000000
238,0.000399,0.382616,0.107434,6566.000000,9.000000,0.000000
239,0.000399,0.381639,0.106167,6594.000000,9.000000,1.000000
240,0.000399,0.380298,0.104917,6621.000000,9.000000,1.000000
241,0.000399,0.378592,0.103682,6648.000000,9.000000,1.000000
242,0.000399,0.376529,0.102460,6675.000000,9.000000,0.000000
243,0.000399,0.374126,0.101249,6702.000000,8.000000,0.000000
244,0.000399,0.371414,0.100049,6729.000000,9.000000,0.000000
245,0.000399,0.368428,0.098860,6756.000000,9.000000,0.000000
246,0.000399,0.365214,0.097681,6784.000000,9.000000,1.000000
247,0.000399,0.361821,0.096514,6811.000000,9.000000,1.000000
248,0.000399,0.358302,0.095358,6839.000000,9.000000,1.000000
249,0.000399,0.354715,0.094214,6866.000000,9.000000,1.000000
250,0.000399,0.351115,0.093083,6893.000000,9.000000,1.000000
251,0.000399,0.347555,0.091967,6920.000000,9.000000,0.000000
252,0.000399,0.344087,0.090866,6947.000000,9.000000,0.000000
253,0.000399,0.340755,0.089781,6973.000000,9.000000,0.000000
254,0.000399,0.337597,0.088713,7000.000000,9.000000,0.000000
255,0.000399,0.334641,0.087662,7028.000000,9.000000,1.000000
256,0.000399,0.331908,0.086628,7055.000000,9.000000,0.000000
257,0.000399,0.329408,0.085612,7082.000000,8.000000,0.000000
258,0.000399,0.327139,0.084614,7110.000000,9.000000,0.000000
259,0.000399,0.325093,0.083632,7137.000000,9.000000,0.000000
260,0.000399,0.323253,0.082668,7165.000000,9.000000,0.000000
261,0.000399,0.321592,0.081720,7192.000000,9.000000,1.000000
262,0.000399,0.320080,0.080786,7219.000000,9.000000,0.000000
263,0.000399,0.318682,0.079867,7246.000000,9.000000,0.000000
264,0.000399,0.317362,0.078962,7273.000000,9.000000,1.000000
265,0.000399,0.316081,0.078068,7300.000000,9.000000,1.000000
266,0.000399,0.314802,0.077185,7327.000000,9.000000,1.000000
267,0.000399,0.313493,0.076312,7354.000000,9.000000,0.000000
268,0.000399,0.312124,0.075448,7381.000000,9.000000,0.000000
269,0.000399,0.310667,0.074593,7410.000000,9.000000,1.000000
270,0.000399,0.309105,0.073744,7437.000000,9.000000,0.000000
271,0.000399,0.307422,0.072902,7465.000000,9.000000,0.000000
272,0.000399,0.305611,0.072067,7492.000000,9.000000,0.000000
273,0.000399,0.303670,0.071237,7518.000000,9.000000,0.000000
274,0.000399,0.301600,0.070413,7544.000000,9.000000,0.000000
275,0.000399,0.299412,0.069595,7571.000000,9.000000,0.000000
276,0.000399,0.297117,0.068782,7597.000000,9.000000,0.000000
277,0.000399,0.294731,0.067976,7624.000000,9.000000,1.000000
278,0.000399,0.292274,0.067176,7651.000000,9.000000,1.000000
279,0.000399,0.289765,0.066382,7678.000000,9.000000,0.000000
280,0.000399,0.287226,0.065596,7705.000000,9.000000,0.000000
281,0.000399,0.284677,0.064818,7733.000000,9.000000,1.000000
282,0.000399,0.282139,0.064048,7760.000000,9.000000,1.000000
283,0.000399,0.279630,0.063287,7786.000000,9.000000,1.000000
284,0.000399,0.277165,0.062534,7814.000000,9.000000,0.000000
285,0.000399,0.274758,0.061792,7842.000000,9.000000,1.000000
286,0.000399,0.272417,0.061060,7869.000000,9.000000,0.000000
287,0.000399,0.270148,0.060338,7896.000000,9.000000,1.000000
288,0.000399,0.267956,0.059627,7923.000000,9.000000,0.000000
289,0.000399,0.265840,0.058927,7948.000000,9.000000,0.000000
290,0.000399,0.263796,0.058238,7975.000000,9.000000,0.000000
291,0.000399,0.261822,0.057560,8003.000000,9.000000,1.000000
292,0.000399,0.259909,0.056894,8030.000000,9.000000,0.000000
293,0.000399,0.258051,0.056239,8057.000000,9.000000,0.000000
294,0.000399,0.256242,0.055595,8084.000000,9.000000,0.000000
295,0.000399,0.254473,0.054963,8111.000000,9.000000,1.000000
296,0.000399,0.252740,0.054341,8138.000000,9.000000,0.000000
297,0.000399,0.251037,0.053731,8165.000000,9.000000,1.000000
298,0.000399,0.249363,0.053132,8192.000000,9.000000,0.000000
299,0.000399,0.247717,0.052544,8220.000000,9.000000,1.000000
300,0.000399,0.246100,0.051966,8247.000000,9.000000,0.000000
301,0.000399,0.244516,0.051399,8274.000000,9.000000,1.000000
302,0.000399,0.242971,0.050842,8301.000000,9.000000,1.000000
303,0.000399,0.241472,0.050296,8328.000000,9.000000,0.000000
304,0.000399,0.240027,0.049759,8355.000000,9.000000,0.000000
305,0.000399,0.238646,0.049233,8383.000000,9.000000,0.000000
306,0.000399,0.237338,0.048716,8409.000000,9.000000,0.000000
307,0.000399,0.236112,0.048209,8436.000000,9.000000,0.000000
308,0.000399,0.234976,0.047710,8464.000000,9.000000,0.000000
309,0.000399,0.233936,0.047220,8491.000000,9.000000,1.000000
310,0.000399,0.232996,0.046739,8518.000000,9.000000,1.000000
311,0.000399,0.232159,0.046265,8545.000000,9.000000,0.000000
312,0.000399,0.231424,0.045799,8570.000000,9.000000,0.000000
313,0.000399,0.230788,0.045339,8597.000000,9.000000,0.000000
314,0.000399,0.230244,0.044885,8624.000000,9.000000,0.000000
315,0.000399,0.229783,0.044437,8652.000000,9.000000,0.000000
316,0.000399,0.229394,0.043993,8678.000000,9.000000,0.000000
317,0.000399,0.229064,0.043554,8706.000000,9.000000,0.000000
318,0.000399,0.228776,0.043117,8733.000000,9.000000,1.000000
319,0.000399,0.228513,0.042684,8760.000000,9.000000,0.000000
320,0.000399,0.228259,0.042251,8787.000000,9.000000,0.000000
321,0.000399,0.227996,0.041820,8811.000000,9.000000,0.000000
322,0.000399,0.227704,0.041389,8839.000000,9.000000,0.000000
323,0.000399,0.227368,0.040958,8866.000000,9.000000,1.000000
324,0.000399,0.226970,0.040526,8893.000000,9.000000,0.000000
325,0.000399,0.226496,0.040092,8920.000000,9.000000,0.000000
326,0.000399,0.225932,0.039656,8948.000000,9.000000,0.000000
327,0.000399,0.225266,0.039217,8973.000000,9.000000,0.000000
328,0.000399,0.224490,0.038775,9001.000000,9.000000,0.000000
329,0.000399,0.223594,0.038331,9027.000000,9.000000,0.000000
330,0.000399,0.222573,0.037883,9053.000000,9.000000,0.000000
331,0.000399,0.221422,0.037432,9080.000000,9.000000,0.000000
332,0.000399,0.220141,0.036978,9107.000000,9.000000,1.000000
333,0.000399,0.218728,0.036521,9134.000000,9.000000,0.000000
334,0.000399,0.217184,0.036060,9159.000000,9.000000,0.000000
335,0.000399,0.215513,0.035598,9186.000000,9.000000,0.000000
336,0.000399,0.213717,0.035133,9214.000000,9.000000,0.000000
337,0.000399,0.211802,0.034667,9242.000000,9.000000,1.000000
338,0.000399,0.209773,0.034200,9269.000000,9.000000,0.000000
339,0.000399,0.207637,0.033732,9295.000000,9.000000,0.000000
340,0.000399,0.205402,0.033265,9322.000000,9.000000,0.000000
341,0.000399,0.203077,0.032799,9350.000000,9.000000,0.000000
342,0.000399,0.200669,0.032334,9377.000000,9.000000,0.000000
343,0.000399,0.198188,0.031873,9405.000000,9.000000,1.000000
344,0.000399,0.195646,0.031415,9432.000000,9.000000,0.000000
345,0.000399,0.193053,0.030961,9459.000000,9.000000,1.000000
346,0.000399,0.190420,0.030513,9485.000000,9.000000,0.000000
347,0.000399,0.187761,0.030071,9512.000000,9.000000,0.000000
348,0.000399,0.185089,0.029636,9539.000000,8.000000,0.000000
349,0.000399,0.182419,0.029209,9566.000000,9.000000,0.000000
350,0.000399,0.179766,0.028790,9593.000000,9.000000,0.000000
351,0.000399,0.177147,0.028382,9620.000000,9.000000,0.000000
352,0.000399,0.174580,0.027983,9649.000000,14.000000,1.000000
353,0.000399,0.172082,0.027596,9676.000000,9.000000,1.000000
354,0.000399,0.169673,0.027220,9704.000000,9.000000,0.000000
355,0.000399,0.167370,0.026856,9731.000000,9.000000,0.000000
356,0.000399,0.165194,0.026505,9756.000000,8.000000,0.000000
357,0.000399,0.163163,0.026167,9782.000000,9.000000,0.000000
358,0.000399,0.161293,0.025843,9809.000000,9.000000,0.000000
359,0.000399,0.159602,0.025532,9837.000000,9.000000,1.000000
360,0.000399,0.158102,0.025236,9862.000000,8.000000,0.000000
361,0.000399,0.156806,0.024953,9888.000000,9.000000,0.000000
362,0.000399,0.155722,0.024684,9913.000000,9.000000,1.000000
363,0.000399,0.154854,0.024429,9938.000000,10.000000,0.000000
364,0.000399,0.154204,0.024187,9965.000000,9.000000,1.000000
365,0.000399,0.153769,0.023959,9992.000000,9.000000,0.000000
366,0.000399,0.153541,0.023743,10019.000000,9.000000,0.000000
367,0.000399,0.153511,0.023540,10047.000000,9.000000,0.000000
368,0.000399,0.153664,0.023348,10073.000000,9.000000,0.000000
369,0.000399,0.153982,0.023167,10099.000000,9.000000,0.000000
370,0.000399,0.154446,0.022996,10124.000000,9.000000,1.000000
371,0.000399,0.155033,0.022835,10151.000000,9.000000,0.000000
372,0.000399,0.155719,0.022682,10177.000000,9.000000,0.000000
373,0.000399,0.156480,0.022536,10205.000000,9.000000,0.000000
374,0.000399,0.157291,0.022397,10232.000000,9.000000,0.000000
375,0.000399,0.158128,0.022264,10259.000000,9.000000,0.000000
376,0.000399,0.158967,0.022136,10286.000000,9.000000,0.000000
377,0.000399,0.159786,0.022012,10321.000000,12.000000,0.000000
378,0.000399,0.160564,0.021891,10354.000000,11.000000,0.000000
379,0.000399,0.161283,0.021772,10387.000000,12.000000,1.000000
380,0.000399,0.161926,0.021654,10422.000000,11.000000,0.000000
381,0.000399,0.162478,0.021536,10457.000000,9.000000,0.000000
382,0.000399,0.162929,0.021419,10484.000000,9.000000,0.000000
383,0.000399,0.163269,0.021301,10511.000000,9.000000,0.000000
384,0.000399,0.163489,0.021181,10538.000000,9.000000,1.000000
385,0.000399,0.163587,0.021059,10566.000000,9.000000,0.000000
386,0.000399,0.163558,0.020935,10593.000000,9.000000,0.000000
387,0.000399,0.163403,0.020809,10620.000000,9.000000,0.000000
388,0.000399,0.163123,0.020679,10647.000000,9.000000,0.000000
389,0.000399,0.162722,0.020546,10674.000000,9.000000,1.000000
390,0.000399,0.162203,0.020410,10701.000000,9.000000,1.000000
391,0.000399,0.161573,0.020270,10728.000000,9.000000,0.000000
392,0.000399,0.160839,0.020127,10753.000000,9.000000,0.000000
393,0.000399,0.160010,0.019981,10780.000000,9.000000,1.000000
394,0.000399,0.159094,0.019831,10807.000000,9.000000,0.000000
395,0.000399,0.158102,0.019678,10834.000000,9.000000,0.000000
396,0.000399,0.157044,0.019523,10861.000000,9.000000,0.000000
397,0.000399,0.155929,0.019364,10887.000000,9.000000,0.000000
398,0.000399,0.154769,0.019204,10915.000000,9.000000,1.000000
399,0.000399,0.153574,0.019041,10942.000000,9.000000,0.000000
400,0.000399,0.152353,0.018876,10969.000000,9.000000,1.000000
401,0.000399,0.151118,0.018709,10996.000000,9.000000,1.000000
402,0.000399,0.149877,0.018542,11024.000000,9.000000,0.000000
403,0.000399,0.148640,0.018373,11052.000000,9.000000,1.000000
404,0.000399,0.147414,0.018203,11079.000000,9.000000,0.000000
405,0.000399,0.146208,0.018034,11105.000000,9.000000,0.000000
406,0.000399,0.145029,0.017864,11133.000000,9.000000,0.000000
407,0.000399,0.143883,0.017694,11158.000000,9.000000,0.000000
408,0.000399,0.142776,0.017524,11188.000000,11.000000,0.000000
409,0.000399,0.141711,0.017356,11223.000000,11.000000,0.000000
410,0.000399,0.140693,0.017187,11258.000000,12.000000,0.000000
411,0.000399,0.139724,0.017020,11292.000000,12.000000,0.000000
412,0.000399,0.138805,0.016854,11332.000000,15.000000,0.000000
413,0.000399,0.137939,0.016689,11368.000000,11.000000,0.000000
414,0.000399,0.137124,0.016526,11403.000000,12.000000,0.000000
415,0.000399,0.136358,0.016364,11440.000000,13.000000,1.000000
416,0.000399,0.135641,0.016203,11477.000000,14.000000,0.000000
417,0.000399,0.134969,0.016044,11515.000000,14.000000,0.000000
418,0.000399,0.134337,0.015887,11552.000000,12.000000,1.000000
419,0.000399,0.133741,0.015731,11591.000000,13.000000,0.000000
420,0.000399,0.133176,0.015576,11629.000000,12.000000,1.000000
421,0.000399,0.132635,0.015423,11668.000000,14.000000,1.000000
422,0.000399,0.132112,0.015271,11703.000000,11.000000,1.000000
423,0.000399,0.131600,0.015121,11732.000000,9.000000,0.000000
424,0.000399,0.131091,0.014972,11763.000000,12.000000,0.000000
425,0.000399,0.130578,0.014824,11799.000000,12.000000,0.000000
426,0.000399,0.130054,0.014678,11828.000000,8.000000,0.000000
427,0.000399,0.129511,0.014533,11856.000000,9.000000,1.000000
428,0.000399,0.128943,0.014389,11888.000000,12.000000,0.000000
429,0.000399,0.128344,0.014246,11924.000000,13.000000,1.000000
430,0.000399,0.127708,0.014104,11962.000000,12.000000,0.000000
431,0.000399,0.127029,0.013963,11991.000000,9.000000,1.000000
432,0.000399,0.126305,0.013824,12018.000000,9.000000,0.000000
433,0.000399,0.125531,0.013686,12046.000000,8.000000,0.000000
434,0.000399,0.124706,0.013549,12071.000000,9.000000,0.000000
435,0.000399,0.123830,0.013413,12093.000000,10.000000,0.000000
436,0.000399,0.122902,0.013279,12120.000000,9.000000,0.000000
437,0.000399,0.121924,0.013147,12144.000000,9.000000,1.000000
438,0.000399,0.120898,0.013016,12167.000000,9.000000,0.000000
439,0.000399,0.119830,0.012887,12191.000000,9.000000,0.000000
440,0.000399,0.118723,0.012761,12214.000000,9.000000,1.000000
441,0.000399,0.117584,0.012636,12237.000000,9.000000,0.000000
442,0.000399,0.116421,0.012514,12261.000000,9.000000,1.000000
443,0.000399,0.115242,0.012395,12285.000000,9.000000,0.000000
444,0.000399,0.114056,0.012278,12308.000000,9.000000,0.000000
445,0.000399,0.112872,0.012165,12335.000000,9.000000,1.000000
446,0.000399,0.111701,0.012054,12363.000000,9.000000,0.000000
447,0.000399,0.110554,0.011948,12390.000000,9.000000,0.000000
448,0.000399,0.109440,0.011844,12419.000000,9.000000,1.000000
449,0.000399,0.108371,0.011745,12447.000000,9.000000,0.000000
450,0.000399,0.107357,0.011649,12476.000000,9.000000,1.000000
451,0.000399,0.106408,0.011557,12503.000000,9.000000,0.000000
452,0.000399,0.105532,0.011470,12531.000000,9.000000,0.000000
453,0.000399,0.104737,0.011387,12560.000000,9.000000,0.000000
454,0.000399,0.104030,0.011308,12588.000000,9.000000,0.000000
455,0.000399,0.103416,0.011233,12616.000000,9.000000,0.000000
456,0.000399,0.102899,0.011162,12644.000000,9.000000,0.000000
457,0.000399,0.102482,0.011096,12672.000000,9.000000,0.000000
458,0.000399,0.102164,0.011034,12699.000000,9.000000,0.000000
459,0.000399,0.101945,0.010976,12727.000000,9.000000,0.000000
460,0.000399,0.101822,0.010922,12754.000000,10.000000,0.000000
461,0.000399,0.101790,0.010871,12783.000000,9.000000,1.000000
462,0.000399,0.101844,0.010824,12811.000000,8.000000,0.000000
463,0.000399,0.101977,0.010781,12839.000000,9.000000,0.000000
464,0.000399,0.102180,0.010740,12867.000000,9.000000,0.000000
465,0.000399,0.102445,0.010703,12896.000000,9.000000,0.000000
466,0.000399,0.102761,0.010668,12923.000000,9.000000,0.000000
467,0.000399,0.103118,0.010635,12951.000000,9.000000,0.000000
468,0.000399,0.103507,0.010604,12981.000000,9.000000,0.000000
469,0.000399,0.103915,0.010575,13005.000000,9.000000,1.000000
470,0.000399,0.104332,0.010548,13027.000000,9.000000,0.000000
471,0.000399,0.104749,0.010522,13054.000000,9.000000,1.000000
472,0.000399,0.105153,0.010496,13078.000000,9.000000,0.000000
473,0.000399,0.105537,0.010471,13106.000000,9.000000,0.000000
474,0.000399,0.105890,0.010446,13134.000000,9.000000,0.000000
475,0.000399,0.106204,0.010421,13158.000000,9.000000,0.000000
476,0.000399,0.106472,0.010396,13180.000000,9.000000,0.000000
477,0.000399,0.106685,0.010371,13203.000000,9.000000,1.000000
478,0.000399,0.106839,0.010345,13226.000000,9.000000,0.000000
479,0.000399,0.106927,0.010317,13249.000000,9.000000,0.000000
480,0.000399,0.106946,0.010289,13271.000000,9.000000,1.000000
481,0.000399,0.106891,0.010260,13294.000000,9.000000,0.000000
482,0.000399,0.106760,0.010229,13318.000000,9.000000,0.000000
483,0.000399,0.106552,0.010197,13342.000000,9.000000,0.000000
484,0.000399,0.106266,0.010163,13365.000000,9.000000,0.000000
485,0.000399,0.105903,0.010128,13389.000000,9.000000,1.000000
486,0.000399,0.105462,0.010091,13412.000000,9.000000,0.000000
487,0.000399,0.104948,0.010053,13436.000000,9.000000,1.000000
488,0.000399,0.104363,0.010013,13459.000000,9.000000,0.000000
489,0.000399,0.103710,0.009972,13483.000000,9.000000,1.000000
490,0.000399,0.102996,0.009930,13506.000000,9.000000,0.000000
491,0.000399,0.102225,0.009887,13530.000000,10.000000,0.000000
492,0.000399,0.101403,0.009843,13554.000000,9.000000,1.000000
493,0.000399,0.100539,0.009798,13577.000000,9.000000,0.000000
494,0.000399,0.099638,0.009752,13601.000000,8.000000,0.000000
495,0.000399,0.098710,0.009706,13624.000000,9.000000,1.000000
496,0.000399,0.097763,0.009659,13657.000000,12.000000,1.000000
497,0.000399,0.096804,0.009612,13686.000000,9.000000,0.000000
498,0.000399,0.095843,0.009566,13710.000000,9.000000,1.000000
499,0.000399,0.094889,0.009519,13738.000000,9.000000,0.000000
500,0.000399,0.093949,0.009473,13765.000000,9.000000,0.000000
501,0.000399,0.093032,0.009428,13793.000000,9.000000,0.000000
502,0.000399,0.092145,0.009383,13821.000000,9.000000,1.000000
503,0.000399,0.091295,0.009339,13848.000000,9.000000,0.000000
504,0.000399,0.090490,0.009296,13876.000000,9.000000,0.000000
505,0.000399,0.089733,0.009255,13904.000000,9.000000,0.000000
506,0.000399,0.089030,0.009214,13930.000000,9.000000,0.000000
507,0.000399,0.088384,0.009175,13958.000000,9.000000,0.000000
508,0.000399,0.087797,0.009137,13985.000000,9.000000,0.000000
509,0.000399,0.087272,0.009101,14013.000000,9.000000,1.000000
510,0.000399,0.086808,0.009066,14037.000000,9.000000,0.000000
511,0.000399,0.086405,0.009033,14064.000000,9.000000,0.000000
512,0.000399,0.086060,0.009001,14092.000000,9.000000,1.000000
513,0.000399,0.085772,0.008971,14119.000000,9.000000,0.000000
514,0.000399,0.085538,0.008942,14147.000000,9.000000,0.000000
515,0.000399,0.085352,0.008915,14175.000000,9.000000,1.000000
516,0.000399,0.085211,0.008889,14203.000000,9.000000,0.000000
517,0.000399,0.085110,0.008865,14231.000000,9.000000,0.000000
518,0.000399,0.085044,0.008841,14255.000000,9.000000,1.000000
519,0.000399,0.085006,0.008819,14282.000000,9.000000,0.000000
520,0.000399,0.084993,0.008798,14310.000000,9.000000,1.000000
521,0.000399,0.084997,0.008778,14333.000000,9.000000,0.000000
522,0.000399,0.085015,0.008758,14361.000000,9.000000,1.000000
523,0.000399,0.085041,0.008740,14384.000000,8.000000,0.000000
524,0.000399,0.085070,0.008722,14412.000000,9.000000,0.000000
525,0.000399,0.085097,0.008704,14439.000000,9.000000,0.000000
526,0.000399,0.085119,0.008688,14463.000000,9.000000,1.000000
527,0.000399,0.085131,0.008671,14486.000000,9.000000,0.000000
528,0.000399,0.085130,0.008655,14514.000000,9.000000,1.000000
529,0.000399,0.085113,0.008638,14539.000000,9.000000,0.000000
530,0.000399,0.085076,0.008622,14563.000000,9.000000,1.000000
531,0.000399,0.085018,0.008606,14586.000000,8.000000,0.000000
532,0.000399,0.084937,0.008590,14612.000000,9.000000,0.000000
533,0.000399,0.084830,0.008574,14637.000000,9.000000,1.000000
534,0.000399,0.084696,0.008558,14665.000000,8.000000,0.000000
535,0.000399,0.084534,0.008541,14692.000000,9.000000,0.000000
536,0.000399,0.084342,0.008524,14719.000000,9.000000,0.000000
537,0.000399,0.084122,0.008507,14743.000000,9.000000,1.000000
538,0.000399,0.083871,0.008489,14766.000000,9.000000,0.000000
539,0.000399,0.083591,0.008471,14794.000000,9.000000,0.000000
540,0.000399,0.083281,0.008453,14822.000000,9.000000,0.000000
541,0.000399,0.082943,0.008435,14849.000000,9.000000,0.000000
542,0.000399,0.082576,0.008416,14877.000000,9.000000,0.000000
543,0.000399,0.082184,0.008397,14905.000000,9.000000,0.000000
544,0.000399,0.081766,0.008378,14928.000000,8.000000,0.000000
545,0.000399,0.081326,0.008358,14956.000000,9.000000,1.000000
546,0.000399,0.080865,0.008338,14981.000000,8.000000,0.000000
547,0.000399,0.080385,0.008318,15009.000000,9.000000,0.000000
548,0.000399,0.079890,0.008299,15036.000000,9.000000,0.000000
549,0.000399,0.079383,0.008279,15062.000000,9.000000,0.000000
550,0.000399,0.078867,0.008259,15089.000000,9.000000,1.000000
551,0.000399,0.078344,0.008239,15114.000000,9.000000,0.000000
552,0.000399,0.077820,0.008219,15142.000000,9.000000,1.000000
553,0.000399,0.077297,0.008199,15168.000000,9.000000,0.000000
554,0.000399,0.076780,0.008180,15195.000000,9.000000,1.000000
555,0.000399,0.076271,0.008161,15221.000000,9.000000,1.000000
556,0.000399,0.075776,0.008143,15248.000000,10.000000,0.000000
557,0.000399,0.075296,0.008124,15276.000000,9.000000,1.000000
558,0.000399,0.074836,0.008107,15303.000000,9.000000,0.000000
559,0.000399,0.074399,0.008090,15326.000000,9.000000,0.000000
560,0.000399,0.073987,0.008073,15354.000000,9.000000,1.000000
561,0.000399,0.073603,0.008057,15377.000000,8.000000,0.000000
562,0.000399,0.073248,0.008042,15402.000000,9.000000,0.000000
563,0.000399,0.072924,0.008027,15429.000000,9.000000,1.000000
564,0.000399,0.072632,0.008013,15455.000000,9.000000,0.000000
565,0.000399,0.072371,0.007999,15482.000000,9.000000,0.000000
566,0.000399,0.072142,0.007986,15509.000000,9.000000,1.000000
567,0.000399,0.071943,0.007974,15532.000000,9.000000,0.000000
568,0.000399,0.071774,0.007962,15560.000000,9.000000,0.000000
569,0.000399,0.071632,0.007951,15587.000000,9.000000,0.000000
570,0.000399,0.071514,0.007940,15613.000000,9.000000,0.000000
571,0.000399,0.071419,0.007930,15640.000000,9.000000,0.000000
572,0.000399,0.071343,0.007921,15667.000000,9.000000,1.000000
573,0.000399,0.071283,0.007912,15690.000000,9.000000,0.000000
574,0.000399,0.071234,0.007903,15717.000000,9.000000,0.000000
575,0.000399,0.071194,0.007894,15744.000000,9.000000,0.000000
576,0.000399,0.071158,0.007886,15771.000000,9.000000,0.000000
577,0.000399,0.071123,0.007878,15799.000000,9.000000,1.000000
578,0.000399,0.071084,0.007870,15825.000000,8.000000,1.000000
579,0.000399,0.071040,0.007863,15852.000000,9.000000,0.000000
580,0.000399,0.070985,0.007855,15879.000000,9.000000,0.000000
581,0.000399,0.070917,0.007848,15907.000000,9.000000,1.000000
582,0.000399,0.070833,0.007840,15933.000000,9.000000,0.000000
583,0.000399,0.070731,0.007833,15960.000000,9.000000,0.000000
584,0.000399,0.070609,0.007825,15988.000000,9.000000,0.000000
585,0.000399,0.070465,0.007818,16013.000000,9.000000,0.000000
586,0.000399,0.070297,0.007810,16041.000000,9.000000,0.000000
587,0.000399,0.070105,0.007802,16068.000000,9.000000,0.000000
588,0.000399,0.069889,0.007794,16094.000000,9.000000,0.000000
589,0.000399,0.069649,0.007786,16120.000000,9.000000,0.000000
590,0.000399,0.069385,0.007778,16148.000000,9.000000,0.000000
591,0.000399,0.069098,0.007769,16175.000000,9.000000,0.000000
592,0.000399,0.068790,0.007761,16202.000000,9.000000,0.000000
593,0.000399,0.068462,0.007752,16229.000000,9.000000,0.000000
594,0.000399,0.068118,0.007743,16256.000000,9.000000,1.000000
595,0.000399,0.067758,0.007734,16283.000000,9.000000,0.000000
596,0.000399,0.067388,0.007726,16309.000000,9.000000,1.000000
597,0.000399,0.067009,0.007717,16335.000000,9.000000,0.000000
598,0.000399,0.066626,0.007708,16362.000000,9.000000,1.000000
599,0.000399,0.066241,0.007699,16388.000000,8.000000,0.000000
600,0.000399,0.065860,0.007691,16417.000000,9.000000,1.000000
601,0.000399,0.065485,0.007682,16444.000000,9.000000,0.000000
602,0.000399,0.065122,0.007674,16470.000000,9.000000,1.000000
603,0.000399,0.064773,0.007666,16493.000000,9.000000,0.000000
604,0.000399,0.064443,0.007658,16520.000000,9.000000,0.000000
605,0.000399,0.064135,0.007651,16547.000000,9.000000,0.000000
606,0.000399,0.063853,0.007643,16573.000000,9.000000,0.000000
607,0.000399,0.063598,0.007636,16600.000000,9.000000,0.000000
608,0.000399,0.063375,0.007630,16627.000000,8.000000,0.000000
609,0.000399,0.063184,0.007623,16655.000000,9.000000,1.000000
610,0.000399,0.063027,0.007617,16682.000000,9.000000,0.000000
611,0.000399,0.062905,0.007611,16709.000000,9.000000,1.000000
612,0.000399,0.062818,0.007606,16737.000000,9.000000,1.000000
613,0.000399,0.062765,0.007600,16764.000000,10.000000,0.000000
614,0.000399,0.062746,0.007595,16792.000000,9.000000,1.000000
615,0.000399,0.062758,0.007590,16815.000000,9.000000,0.000000
616,0.000399,0.062800,0.007585,16839.000000,9.000000,1.000000
617,0.000399,0.062869,0.007581,16865.000000,9.000000,0.000000
618,0.000399,0.062961,0.007576,16888.000000,9.000000,1.000000
619,0.000399,0.063073,0.007571,16915.000000,9.000000,1.000000
620,0.000399,0.063201,0.007567,16943.000000,9.000000,0.000000
621,0.000399,0.063341,0.007562,16970.000000,9.000000,0.000000
622,0.000399,0.063487,0.007556,16997.000000,9.000000,0.000000
623,0.000399,0.063637,0.007551,17024.000000,9.000000,1.000000
624,0.000399,0.063785,0.007545,17051.000000,9.000000,0.000000
625,0.000399,0.063926,0.007539,17079.000000,9.000000,1.000000
626,0.000399,0.064058,0.007532,17105.000000,9.000000,0.000000
627,0.000399,0.064175,0.007525,17133.000000,9.000000,1.000000
628,0.000399,0.064274,0.007517,17160.000000,9.000000,0.000000
629,0.000399,0.064351,0.007509,17187.000000,9.000000,0.000000
630,0.000399,0.064404,0.007500,17213.000000,9.000000,0.000000
631,0.000399,0.064430,0.007490,17241.000000,9.000000,1.000000
632,0.000399,0.064427,0.007480,17265.000000,9.000000,0.000000
633,0.000399,0.064392,0.007468,17292.000000,9.000000,0.000000
634,0.000399,0.064324,0.007456,17319.000000,9.000000,0.000000
635,0.000399,0.064223,0.007443,17347.000000,9.000000,0.000000
636,0.000399,0.064087,0.007429,17375.000000,9.000000,0.000000
637,0.000399,0.063918,0.007414,17399.000000,9.000000,0.000000
638,0.000399,0.063715,0.007399,17426.000000,9.000000,0.000000
639,0.000399,0.063478,0.007382,17450.000000,9.000000,1.000000
640,0.000399,0.063210,0.007365,17477.000000,9.000000,1.000000
641,0.000399,0.062912,0.007347,17504.000000,9.000000,1.000000
642,0.000399,0.062585,0.007328,17527.000000,9.000000,0.000000
643,0.000399,0.062232,0.007309,17555.000000,9.000000,0.000000
644,0.000399,0.061856,0.007289,17581.000000,9.000000,0.000000
645,0.000399,0.061458,0.007268,17608.000000,9.000000,1.000000
646,0.000399,0.061041,0.007246,17635.000000,9.000000,0.000000
647,0.000399,0.060610,0.007225,17664.000000,9.000000,0.000000
648,0.000399,0.060166,0.007202,17693.000000,9.000000,0.000000
649,0.000399,0.059713,0.007179,17719.000000,10.000000,0.000000
650,0.000399,0.059253,0.007156,17747.000000,9.000000,1.000000
651,0.000399,0.058791,0.007132,17774.000000,9.000000,0.000000
652,0.000399,0.058330,0.007109,17802.000000,9.000000,0.000000
653,0.000399,0.057871,0.007085,17829.000000,9.000000,0.000000
654,0.000399,0.057418,0.007061,17857.000000,9.000000,1.000000
655,0.000399,0.056974,0.007036,17885.000000,9.000000,0.000000
656,0.000399,0.056541,0.007012,17913.000000,9.000000,0.000000
657,0.000399,0.056121,0.006988,17937.000000,9.000000,1.000000
658,0.000399,0.055717,0.006964,17964.000000,9.000000,1.000000
659,0.000399,0.055329,0.006940,17991.000000,9.000000,1.000000
660,0.000399,0.054960,0.006916,18017.000000,9.000000,0.000000
661,0.000399,0.054610,0.006892,18045.000000,9.000000,1.000000
662,0.000399,0.054280,0.006869,18068.000000,9.000000,0.000000
663,0.000399,0.053970,0.006846,18093.000000,9.000000,0.000000
664,0.000399,0.053682,0.006823,18120.000000,8.000000,0.000000
665,0.000399,0.053414,0.006800,18147.000000,9.000000,1.000000
666,0.000399,0.053167,0.006778,18178.000000,9.000000,1.000000
667,0.000399,0.052939,0.006756,18206.000000,8.000000,0.000000
668,0.000399,0.052731,0.006734,18230.000000,9.000000,1.000000
669,0.000399,0.052540,0.006713,18257.000000,9.000000,0.000000
670,0.000399,0.052366,0.006692,18281.000000,9.000000,0.000000
671,0.000399,0.052207,0.006671,18308.000000,9.000000,1.000000
672,0.000399,0.052063,0.006651,18335.000000,9.000000,0.000000
673,0.000399,0.051931,0.006631,18363.000000,9.000000,1.000000
674,0.000399,0.051809,0.006612,18390.000000,9.000000,0.000000
675,0.000399,0.051697,0.006592,18414.000000,9.000000,1.000000
676,0.000399,0.051593,0.006573,18441.000000,9.000000,0.000000
677,0.000399,0.051494,0.006555,18469.000000,9.000000,1.000000
678,0.000399,0.051400,0.006536,18497.000000,9.000000,0.000000
679,0.000399,0.051309,0.006518,18524.000000,9.000000,0.000000
680,0.000399,0.051220,0.006500,18551.000000,9.000000,0.000000
681,0.000399,0.051132,0.006483,18579.000000,9.000000,0.000000
682,0.000399,0.051043,0.006465,18606.000000,9.000000,0.000000
683,0.000399,0.050952,0.006448,18634.000000,9.000000,1.000000
684,0.000399,0.050860,0.006431,18661.000000,9.000000,0.000000
685,0.000399,0.050764,0.006415,18684.000000,9.000000,0.000000
686,0.000399,0.050666,0.006398,18711.000000,9.000000,0.000000
687,0.000399,0.050564,0.006382,18735.000000,9.000000,1.000000
688,0.000399,0.050458,0.006366,18762.000000,9.000000,0.000000
689,0.000399,0.050348,0.006350,18785.000000,9.000000,0.000000
690,0.000399,0.050235,0.006334,18813.000000,9.000000,0.000000
691,0.000399,0.050120,0.006318,18840.000000,9.000000,0.000000
692,0.000399,0.050001,0.006303,18868.000000,9.000000,0.000000
693,0.000399,0.049881,0.006287,18895.000000,9.000000,0.000000
694,0.000399,0.049760,0.006272,18919.000000,9.000000,0.000000
695,0.000399,0.049639,0.006257,18946.000000,9.000000,1.000000
696,0.000399,0.049519,0.006242,18973.000000,9.000000,1.000000
697,0.000399,0.049400,0.006227,19000.000000,9.000000,1.000000
698,0.000399,0.049285,0.006212,19023.000000,9.000000,0.000000
699,0.000399,0.049174,0.006198,19049.000000,8.000000,1.000000
700,0.000399,0.049069,0.006183,19072.000000,9.000000,0.000000
701,0.000399,0.048969,0.006169,19100.000000,9.000000,0.000000
702,0.000399,0.048878,0.006154,19127.000000,9.000000,0.000000
703,0.000399,0.048795,0.006140,19155.000000,9.000000,0.000000
704,0.000399,0.048722,0.006126,19182.000000,9.000000,1.000000
705,0.000399,0.048659,0.006112,19209.000000,9.000000,1.000000
706,0.000399,0.048608,0.006098,19236.000000,10.000000,0.000000
707,0.000399,0.048568,0.006084,19264.000000,9.000000,1.000000
708,0.000399,0.048541,0.006070,19291.000000,9.000000,0.000000
709,0.000399,0.048526,0.006056,19318.000000,9.000000,0.000000
710,0.000399,0.048524,0.006042,19345.000000,8.000000,0.000000
711,0.000399,0.048535,0.006028,19372.000000,9.000000,0.000000
712,0.000399,0.048558,0.006014,19398.000000,9.000000,1.000000
713,0.000399,0.048592,0.006000,19425.000000,9.000000,1.000000
714,0.000399,0.048638,0.005986,19452.000000,8.000000,0.000000
715,0.000399,0.048694,0.005971,19480.000000,9.000000,0.000000
716,0.000399,0.048760,0.005957,19507.000000,8.000000,0.000000
717,0.000399,0.048833,0.005942,19535.000000,9.000000,0.000000
718,0.000399,0.048913,0.005928,19562.000000,9.000000,1.000000
719,0.000399,0.048998,0.005912,19590.000000,9.000000,0.000000
720,0.000399,0.049086,0.005897,19613.000000,9.000000,0.000000
721,0.000399,0.049176,0.005882,19640.000000,9.000000,0.000000
722,0.000399,0.049266,0.005866,19664.000000,9.000000,1.000000
723,0.000399,0.049354,0.005849,19691.000000,9.000000,0.000000
724,0.000399,0.049438,0.005833,19719.000000,9.000000,0.000000
725,0.000399,0.049516,0.005816,19746.000000,10.000000,0.000000
726,0.000399,0.049586,0.005798,19774.000000,9.000000,1.000000
727,0.000399,0.049646,0.005780,19802.000000,9.000000,0.000000
728,0.000399,0.049695,0.005762,19830.000000,9.000000,0.000000
729,0.000399,0.049730,0.005743,19855.000000,9.000000,0.000000
730,0.000399,0.049750,0.005724,19883.000000,9.000000,0.000000
731,0.000399,0.049754,0.005704,19908.000000,8.000000,0.000000
732,0.000399,0.049739,0.005683,19935.000000,9.000000,0.000000
733,0.000399,0.049705,0.005662,19963.000000,9.000000,1.000000
734,0.000399,0.049650,0.005640,19990.000000,9.000000,0.000000
735,0.000399,0.049575,0.005618,20017.000000,9.000000,1.000000
736,0.000399,0.049476,0.005595,20041.000000,9.000000,0.000000
737,0.000399,0.049356,0.005572,20065.000000,9.000000,1.000000
738,0.000399,0.049212,0.005548,20091.000000,9.000000,1.000000
739,0.000399,0.049045,0.005523,20118.000000,9.000000,0.000000
740,0.000399,0.048855,0.005498,20147.000000,9.000000,1.000000
741,0.000399,0.048642,0.005472,20175.000000,9.000000,1.000000
742,0.000399,0.048407,0.005446,20202.000000,9.000000,0.000000
743,0.000399,0.048151,0.005419,20229.000000,9.000000,0.000000
744,0.000399,0.047874,0.005392,20256.000000,9.000000,0.000000
745,0.000399,0.047579,0.005364,20284.000000,8.000000,0.000000
746,0.000399,0.047266,0.005336,20312.000000,9.000000,0.000000
747,0.000399,0.046936,0.005308,20340.000000,9.000000,1.000000
748,0.000399,0.046593,0.005279,20367.000000,9.000000,1.000000
749,0.000399,0.046237,0.005250,20394.000000,9.000000,0.000000
750,0.000399,0.045871,0.005220,20422.000000,9.000000,1.000000
751,0.000399,0.045497,0.005190,20449.000000,9.000000,0.000000
752,0.000399,0.045118,0.005161,20476.000000,9.000000,1.000000
753,0.000399,0.044735,0.005130,20506.000000,11.000000,1.000000
754,0.000399,0.044351,0.005100,20549.000000,13.000000,0.000000
755,0.000399,0.043969,0.005070,20593.000000,14.000000,1.000000
756,0.000399,0.043591,0.005040,20635.000000,14.000000,1.000000
757,0.000399,0.043220,0.005010,20688.000000,15.000000,0.000000
758,0.000399,0.042857,0.004979,20719.000000,9.000000,0.000000
759,0.000399,0.042505,0.004949,20745.000000,9.000000,0.000000
760,0.000399,0.042167,0.004919,20772.000000,9.000000,1.000000
761,0.000399,0.041842,0.004889,20799.000000,9.000000,0.000000
762,0.000399,0.041535,0.004860,20823.000000,9.000000,0.000000
763,0.000399,0.041245,0.004830,20850.000000,8.000000,0.000000
764,0.000399,0.040974,0.004801,20877.000000,9.000000,1.000000
765,0.000399,0.040723,0.004772,20904.000000,9.000000,0.000000
766,0.000399,0.040492,0.004743,20931.000000,9.000000,0.000000
767,0.000399,0.040282,0.004714,20957.000000,9.000000,1.000000
768,0.000399,0.040092,0.004686,20981.000000,9.000000,0.000000
769,0.000399,0.039923,0.004658,21007.000000,9.000000,0.000000
770,0.000399,0.039773,0.004630,21034.000000,8.000000,0.000000
771,0.000399,0.039642,0.004603,21058.000000,9.000000,1.000000
772,0.000399,0.039530,0.004576,21083.000000,9.000000,0.000000
773,0.000399,0.039433,0.004549,21109.000000,9.000000,0.000000
774,0.000399,0.039352,0.004523,21136.000000,9.000000,0.000000
775,0.000399,0.039284,0.004497,21163.000000,9.000000,0.000000
776,0.000399,0.039227,0.004471,21189.000000,9.000000,0.000000
777,0.000399,0.039181,0.004445,21217.000000,9.000000,1.000000
778,0.000399,0.039142,0.004420,21245.000000,9.000000,0.000000
779,0.000399,0.039109,0.004395,21272.000000,9.000000,1.000000
780,0.000399,0.039080,0.004370,21298.000000,9.000000,0.000000
781,0.000399,0.039053,0.004346,21322.000000,9.000000,1.000000
782,0.000399,0.039027,0.004321,21349.000000,9.000000,0.000000
783,0.000399,0.038999,0.004297,21375.000000,9.000000,1.000000
784,0.000399,0.038968,0.004274,21399.000000,9.000000,1.000000
785,0.000399,0.038932,0.004250,21425.000000,9.000000,0.000000
786,0.000399,0.038890,0.004226,21452.000000,9.000000,0.000000
787,0.000399,0.038842,0.004203,21478.000000,9.000000,0.000000
788,0.000399,0.038785,0.004180,21506.000000,9.000000,1.000000
789,0.000399,0.038719,0.004157,21531.000000,9.000000,0.000000
790,0.000399,0.038643,0.004134,21554.000000,9.000000,0.000000
791,0.000399,0.038557,0.004112,21577.000000,9.000000,0.000000
792,0.000399,0.038460,0.004089,21601.000000,9.000000,1.000000
793,0.000399,0.038352,0.004067,21624.000000,9.000000,0.000000
794,0.000399,0.038234,0.004045,21653.000000,14.000000,1.000000
795,0.000399,0.038104,0.004023,21695.000000,13.000000,0.000000
796,0.000399,0.037965,0.004001,21735.000000,13.000000,1.000000
797,0.000399,0.037815,0.003979,21771.000000,14.000000,0.000000
798,0.000399,0.037656,0.003958,21807.000000,13.000000,0.000000
799,0.000399,0.037489,0.003936,21842.000000,13.000000,0.000000
800,0.000399,0.037314,0.003915,21883.000000,13.000000,0.000000
801,0.000399,0.037132,0.003894,21934.000000,15.000000,0.000000
802,0.000399,0.036944,0.003873,21976.000000,15.000000,1.000000
803,0.000399,0.036752,0.003853,22013.000000,15.000000,1.000000
804,0.000399,0.036556,0.003832,22056.000000,13.000000,0.000000
805,0.000399,0.036359,0.003812,22090.000000,9.000000,0.000000
806,0.000399,0.036160,0.003792,22123.000000,12.000000,1.000000
807,0.000399,0.035961,0.003772,22166.000000,14.000000,0.000000
808,0.000399,0.035764,0.003753,22206.000000,13.000000,0.000000
809,0.000399,0.035570,0.003734,22249.000000,15.000000,0.000000
810,0.000399,0.035380,0.003715,22288.000000,14.000000,0.000000
811,0.000399,0.035194,0.003696,22327.000000,14.000000,1.000000
812,0.000399,0.035015,0.003678,22373.000000,14.000000,1.000000
813,0.000399,0.034843,0.003660,22417.000000,14.000000,1.000000
814,0.000399,0.034679,0.003642,22461.000000,13.000000,1.000000
815,0.000399,0.034523,0.003624,22505.000000,14.000000,0.000000
816,0.000399,0.034377,0.003607,22547.000000,13.000000,1.000000
817,0.000399,0.034241,0.003590,22586.000000,14.000000,0.000000
818,0.000399,0.034114,0.003574,22630.000000,13.000000,1.000000
819,0.000399,0.033999,0.003558,22672.000000,15.000000,0.000000
820,0.000399,0.033894,0.003542,22715.000000,13.000000,1.000000
821,0.000399,0.033800,0.003526,22760.000000,14.000000,0.000000
822,0.000399,0.033716,0.003511,22804.000000,15.000000,0.000000
823,0.000399,0.033643,0.003496,22847.000000,13.000000,0.000000
824,0.000399,0.033580,0.003481,22886.000000,14.000000,0.000000
825,0.000399,0.033527,0.003467,22924.000000,14.000000,0.000000
826,0.000399,0.033483,0.003453,22965.000000,14.000000,0.000000
827,0.000399,0.033449,0.003439,23011.000000,14.000000,0.000000
828,0.000399,0.033422,0.003426,23042.000000,8.000000,0.000000
829,0.000399,0.033403,0.003413,23067.000000,9.000000,0.000000
830,0.000399,0.033391,0.003400,23094.000000,9.000000,0.000000
831,0.000399,0.033385,0.003387,23122.000000,9.000000,1.000000
832,0.000399,0.033385,0.003375,23149.000000,8.000000,0.000000
833,0.000399,0.033390,0.003363,23177.000000,9.000000,0.000000
834,0.000399,0.033400,0.003351,23212.000000,15.000000,1.000000
835,0.000399,0.033413,0.003339,23255.000000,14.000000,0.000000
836,0.000399,0.033430,0.003328,23296.000000,14.000000,1.000000
837,0.000399,0.033450,0.003317,23340.000000,13.000000,0.000000
838,0.000399,0.033472,0.003306,23382.000000,14.000000,1.000000
839,0.000399,0.033496,0.003295,23426.000000,14.000000,1.000000
840,0.000399,0.033521,0.003284,23469.000000,14.000000,0.000000
841,0.000399,0.033548,0.003273,23510.000000,12.000000,1.000000
842,0.000399,0.033576,0.003263,23554.000000,14.000000,1.000000
843,0.000399,0.033604,0.003253,23592.000000,13.000000,0.000000
844,0.000399,0.033633,0.003242,23637.000000,14.000000,1.000000
845,0.000399,0.033663,0.003232,23682.000000,15.000000,0.000000
846,0.000399,0.033692,0.003222,23722.000000,12.000000,1.000000
847,0.000399,0.033722,0.003212,23766.000000,15.000000,0.000000
848,0.000399,0.033752,0.003202,23809.000000,14.000000,0.000000
849,0.000399,0.033781,0.003192,23853.000000,14.000000,1.000000
850,0.000399,0.033810,0.003182,23896.000000,13.000000,0.000000
851,0.000399,0.033839,0.003172,23936.000000,14.000000,0.000000
852,0.000399,0.033867,0.003162,23979.000000,14.000000,0.000000
853,0.000399,0.033895,0.003153,24020.000000,14.000000,1.000000
854,0.000399,0.033921,0.003143,24058.000000,15.000000,0.000000
855,0.000399,0.033946,0.003133,24101.000000,14.000000,1.000000
856,0.000399,0.033969,0.003123,24144.000000,13.000000,0.000000
857,0.000399,0.033990,0.003113,24186.000000,15.000000,0.000000
858,0.000399,0.034009,0.003103,24228.000000,14.000000,1.000000
859,0.000399,0.034025,0.003093,24269.000000,14.000000,0.000000
860,0.000399,0.034037,0.003083,24310.000000,14.000000,1.000000
861,0.000399,0.034046,0.003072,24354.000000,15.000000,0.000000
862,0.000399,0.034049,0.003062,24398.000000,14.000000,1.000000
863,0.000399,0.034047,0.003051,24439.000000,14.000000,0.000000
864,0.000399,0.034039,0.003041,24484.000000,14.000000,0.000000
865,0.000399,0.034023,0.003030,24528.000000,14.000000,0.000000
866,0.000399,0.034000,0.003019,24571.000000,14.000000,0.000000
867,0.000399,0.033968,0.003008,24614.000000,14.000000,0.000000
868,0.000399,0.033926,0.002997,24655.000000,14.000000,0.000000
869,0.000399,0.033874,0.002986,24699.000000,13.000000,1.000000
870,0.000399,0.033810,0.002975,24740.000000,13.000000,0.000000
871,0.000399,0.033733,0.002963,24782.000000,14.000000,1.000000
872,0.000399,0.033643,0.002952,24825.000000,14.000000,0.000000
873,0.000399,0.033540,0.002940,24862.000000,14.000000,0.000000
874,0.000399,0.033421,0.002928,24906.000000,14.000000,1.000000
875,0.000399,0.033286,0.002916,24951.000000,14.000000,0.000000
876,0.000399,0.033135,0.002904,24991.000000,14.000000,1.000000
877,0.000399,0.032967,0.002892,25034.000000,14.000000,1.000000
878,0.000399,0.032782,0.002879,25075.000000,13.000000,1.000000
879,0.000399,0.032578,0.002867,25117.000000,14.000000,0.000000
880,0.000399,0.032357,0.002855,25159.000000,15.000000,1.000000
881,0.000399,0.032116,0.002842,25199.000000,14.000000,1.000000
882,0.000399,0.031857,0.002830,25243.000000,14.000000,0.000000
883,0.000399,0.031580,0.002817,25289.000000,14.000000,1.000000
884,0.000399,0.031284,0.002804,25333.000000,14.000000,0.000000
885,0.000399,0.030969,0.002792,25377.000000,12.000000,0.000000
886,0.000399,0.030637,0.002779,25419.000000,15.000000,0.000000
887,0.000399,0.030288,0.002767,25463.000000,14.000000,0.000000
888,0.000399,0.029923,0.002755,25507.000000,14.000000,1.000000
889,0.000399,0.029542,0.002743,25547.000000,13.000000,0.000000
890,0.000399,0.029147,0.002730,25585.000000,15.000000,0.000000
891,0.000399,0.028740,0.002719,25627.000000,14.000000,1.000000
892,0.000399,0.028321,0.002707,25670.000000,14.000000,1.000000
893,0.000399,0.027892,0.002696,25713.000000,14.000000,1.000000
894,0.000399,0.027455,0.002684,25757.000000,13.000000,1.000000
895,0.000399,0.027013,0.002674,25798.000000,14.000000,1.000000
896,0.000399,0.026567,0.002663,25838.000000,14.000000,1.000000
897,0.000399,0.026119,0.002653,25880.000000,13.000000,0.000000
898,0.000399,0.025674,0.002643,25923.000000,15.000000,0.000000
899,0.000399,0.025233,0.002634,25965.000000,12.000000,0.000000
900,0.000399,0.024799,0.002625,26010.000000,14.000000,1.000000
901,0.000399,0.024375,0.002617,26049.000000,14.000000,0.000000
902,0.000399,0.023964,0.002609,26091.000000,14.000000,1.000000
903,0.000399,0.023571,0.002601,26128.000000,13.000000,0.000000
904,0.000399,0.023197,0.002594,26167.000000,13.000000,0.000000
905,0.000399,0.022847,0.002588,26207.000000,15.000000,1.000000
906,0.000399,0.022523,0.002582,26252.000000,14.000000,1.000000
907,0.000399,0.022228,0.002577,26296.000000,14.000000,0.000000
908,0.000399,0.021967,0.002573,26340.000000,13.000000,1.000000
909,0.000399,0.021740,0.002569,26382.000000,12.000000,0.000000
910,0.000399,0.021551,0.002565,26424.000000,13.000000,0.000000
911,0.000399,0.021401,0.002563,26466.000000,14.000000,1.000000
912,0.000399,0.021292,0.002560,26508.000000,14.000000,1.000000
913,0.000399,0.021225,0.002559,26548.000000,14.000000,0.000000
914,0.000399,0.021201,0.002558,26591.000000,14.000000,0.000000
915,0.000399,0.021218,0.002558,26630.000000,14.000000,1.000000
916,0.000399,0.021277,0.002558,26674.000000,14.000000,0.000000
917,0.000399,0.021376,0.002559,26714.000000,14.000000,0.000000
918,0.000399,0.021513,0.002561,26754.000000,12.000000,0.000000
919,0.000399,0.021687,0.002563,26795.000000,14.000000,0.000000
920,0.000399,0.021894,0.002566,26838.000000,15.000000,0.000000
921,0.000399,0.022132,0.002569,26879.000000,15.000000,0.000000
922,0.000399,0.022398,0.002572,26922.000000,14.000000,0.000000
923,0.000399,0.022688,0.002576,26966.000000,14.000000,1.000000
924,0.000399,0.022999,0.002581,27006.000000,13.000000,1.000000
925,0.000399,0.023328,0.002586,27046.000000,15.000000,1.000000
926,0.000399,0.023671,0.002591,27091.000000,15.000000,0.000000
927,0.000399,0.024025,0.002597,27130.000000,14.000000,1.000000
928,0.000399,0.024386,0.002603,27174.000000,12.000000,1.000000
929,0.000399,0.024752,0.002609,27215.000000,14.000000,0.000000
930,0.000399,0.025120,0.002616,27255.000000,12.000000,1.000000
931,0.000399,0.025486,0.002622,27298.000000,12.000000,1.000000
932,0.000399,0.025848,0.002629,27336.000000,12.000000,1.000000
933,0.000399,0.026204,0.002636,27379.000000,13.000000,0.000000
934,0.000399,0.026552,0.002643,27417.000000,13.000000,0.000000
935,0.000399,0.026888,0.002650,27457.000000,14.000000,1.000000
936,0.000399,0.027212,0.002657,27502.000000,14.000000,1.000000
937,0.000399,0.027521,0.002665,27541.000000,10.000000,1.000000
938,0.000399,0.027815,0.002672,27612.000000,31.000000,1.000000
939,0.000399,0.028091,0.002679,27674.000000,12.000000,0.000000
940,0.000399,0.028349,0.002686,27755.000000,34.000000,0.000000
941,0.000399,0.028587,0.002692,27816.000000,12.000000,1.000000
942,0.000399,0.028805,0.002699,27854.000000,12.000000,0.000000
943,0.000399,0.029002,0.002705,27885.000000,9.000000,1.000000
944,0.000399,0.029178,0.002712,27913.000000,9.000000,0.000000
945,0.000399,0.029332,0.002718,27941.000000,9.000000,0.000000
946,0.000399,0.029464,0.002723,27969.000000,9.000000,0.000000
947,0.000399,0.029574,0.002729,27997.000000,9.000000,0.000000
948,0.000399,0.029662,0.002734,28023.000000,8.000000,1.000000
949,0.000399,0.029728,0.002739,28049.000000,9.000000,0.000000
950,0.000399,0.029773,0.002744,28077.000000,9.000000,0.000000
951,0.000399,0.029798,0.002748,28105.000000,9.000000,1.000000
952,0.000399,0.029801,0.002752,28133.000000,9.000000,0.000000
953,0.000399,0.029786,0.002756,28161.000000,9.000000,0.000000
954,0.000399,0.029752,0.002759,28188.000000,9.000000,1.000000
955,0.000399,0.029699,0.002762,28215.000000,9.000000,1.000000
956,0.000399,0.029631,0.002765,28243.000000,9.000000,0.000000
957,0.000399,0.029546,0.002768,28271.000000,9.000000,0.000000
958,0.000399,0.029447,0.002770,28301.000000,11.000000,0.000000
959,0.000399,0.029335,0.002772,28329.000000,8.000000,1.000000
960,0.000399,0.029212,0.002773,28355.000000,9.000000,0.000000
961,0.000399,0.029077,0.002774,28382.000000,8.000000,0.000000
962,0.000399,0.028934,0.002775,28408.000000,9.000000,1.000000
963,0.000399,0.028783,0.002776,28433.000000,9.000000,0.000000
964,0.000399,0.028626,0.002776,28461.000000,9.000000,0.000000
965,0.000399,0.028464,0.002777,28487.000000,9.000000,0.000000
966,0.000399,0.028299,0.002777,28512.000000,9.000000,0.000000
967,0.000399,0.028132,0.002776,28540.000000,9.000000,1.000000
968,0.000399,0.027964,0.002776,28568.000000,9.000000,0.000000
969,0.000399,0.027798,0.002775,28593.000000,9.000000,1.000000
970,0.000399,0.027634,0.002774,28620.000000,9.000000,0.000000
971,0.000399,0.027473,0.002773,28648.000000,9.000000,0.000000
972,0.000399,0.027318,0.002772,28674.000000,9.000000,0.000000
973,0.000399,0.027167,0.002771,28700.000000,8.000000,0.000000
974,0.000399,0.027024,0.002769,28733.000000,13.000000,0.000000
975,0.000399,0.026887,0.002767,28764.000000,9.000000,0.000000
976,0.000399,0.026759,0.002766,28791.000000,9.000000,1.000000
977,0.000399,0.026640,0.002764,28822.000000,12.000000,0.000000
978,0.000399,0.026530,0.002762,28858.000000,13.000000,0.000000
979,0.000399,0.026429,0.002760,28886.000000,9.000000,0.000000
980,0.000399,0.026338,0.002757,28914.000000,9.000000,0.000000
981,0.000399,0.026256,0.002755,28940.000000,9.000000,0.000000
982,0.000399,0.026184,0.002753,28969.000000,9.000000,0.000000
983,0.000399,0.026122,0.002750,28996.000000,9.000000,0.000000
984,0.000399,0.026068,0.002747,29023.000000,9.000000,0.000000
985,0.000399,0.026023,0.002745,29051.000000,9.000000,1.000000
986,0.000399,0.025985,0.002742,29078.000000,9.000000,0.000000
987,0.000399,0.025955,0.002739,29106.000000,9.000000,0.000000
988,0.000399,0.025931,0.002736,29133.000000,9.000000,1.000000
989,0.000399,0.025913,0.002733,29157.000000,8.000000,1.000000
990,0.000399,0.025900,0.002730,29183.000000,9.000000,0.000000
991,0.000399,0.025892,0.002727,29211.000000,9.000000,0.000000
992,0.000399,0.025886,0.002723,29234.000000,9.000000,0.000000
993,0.000399,0.025882,0.002720,29262.000000,9.000000,0.000000
994,0.000399,0.025879,0.002716,29293.000000,8.000000,1.000000
995,0.000399,0.025877,0.002713,29321.000000,9.000000,0.000000
996,0.000399,0.025875,0.002709,29348.000000,8.000000,0.000000
997,0.000399,0.025871,0.002705,29375.000000,9.000000,0.000000
998,0.000399,0.025864,0.002701,29399.000000,9.000000,1.000000
999,0.000399,0.025855,0.002697,29425.000000,9.000000,0.000000
1000,0.000399,0.025842,0.002693,29453.000000,9.000000,1.000000
1001,0.000399,0.025824,0.002689,29476.000000,8.000000,0.000000
1002,0.000399,0.025802,0.002684,29505.000000,9.000000,1.000000
1003,0.000399,0.025773,0.002680,29530.000000,9.000000,1.000000
1004,0.000399,0.025739,0.002675,29557.000000,9.000000,0.000000
1005,0.000399,0.025698,0.002670,29585.000000,9.000000,0.000000
1006,0.000399,0.025650,0.002666,29612.000000,9.000000,1.000000
1007,0.000399,0.025595,0.002660,29634.000000,8.000000,0.000000
1008,0.000399,0.025532,0.002655,29666.000000,9.000000,1.000000
1009,0.000399,0.025461,0.002650,29694.000000,9.000000,0.000000
1010,0.000399,0.025383,0.002645,29722.000000,9.000000,0.000000
1011,0.000399,0.025297,0.002639,29748.000000,9.000000,1.000000
1012,0.000399,0.025202,0.002634,29776.000000,9.000000,1.000000
1013,0.000399,0.025101,0.002628,29804.000000,9.000000,1.000000
1014,0.000399,0.024991,0.002622,29831.000000,9.000000,0.000000
1015,0.000399,0.024874,0.002616,29855.000000,9.000000,0.000000
1016,0.000399,0.024750,0.002610,29878.000000,9.000000,0.000000
1017,0.000399,0.024619,0.002604,29906.000000,9.000000,0.000000
1018,0.000399,0.024482,0.002598,29933.000000,9.000000,1.000000
1019,0.000399,0.024338,0.002592,29960.000000,9.000000,0.000000
1020,0.000399,0.024189,0.002585,29987.000000,8.000000,0.000000
1021,0.000399,0.024035,0.002579,30014.000000,9.000000,0.000000
1022,0.000399,0.023876,0.002573,30042.000000,9.000000,1.000000
1023,0.000399,0.023713,0.002566,30070.000000,9.000000,0.000000
1024,0.000399,0.023547,0.002560,30097.000000,9.000000,0.000000
1025,0.000399,0.023378,0.002553,30122.000000,9.000000,0.000000
1026,0.000399,0.023208,0.002547,30150.000000,9.000000,0.000000
1027,0.000399,0.023036,0.002540,30177.000000,9.000000,0.000000
1028,0.000399,0.022864,0.002534,30206.000000,9.000000,1.000000
1029,0.000399,0.022693,0.002528,30229.000000,8.000000,0.000000
1030,0.000399,0.022523,0.002521,30255.000000,8.000000,0.000000
1031,0.000399,0.022355,0.002515,30282.000000,8.000000,0.000000
1032,0.000399,0.022191,0.002508,30309.000000,9.000000,0.000000
1033,0.000399,0.022030,0.002502,30335.000000,8.000000,0.000000
1034,0.000399,0.021875,0.002496,30360.000000,9.000000,0.000000
1035,0.000399,0.021725,0.002490,30387.000000,9.000000,0.000000
1036,0.000399,0.021582,0.002484,30414.000000,9.000000,0.000000
1037,0.000399,0.021447,0.002478,30436.000000,9.000000,0.000000
1038,0.000399,0.021320,0.002472,30461.000000,9.000000,0.000000
1039,0.000399,0.021202,0.002466,30486.000000,9.000000,0.000000
1040,0.000399,0.021095,0.002461,30509.000000,9.000000,0.000000
1041,0.000399,0.020998,0.002455,30536.000000,9.000000,0.000000
1042,0.000399,0.020913,0.002450,30561.000000,8.000000,0.000000
1043,0.000399,0.020840,0.002444,30588.000000,9.000000,0.000000
1044,0.000399,0.020779,0.002439,30615.000000,8.000000,0.000000
1045,0.000399,0.020731,0.002434,30642.000000,8.000000,1.000000
1046,0.000399,0.020696,0.002429,30669.000000,8.000000,1.000000
1047,0.000399,0.020675,0.002424,30695.000000,8.000000,1.000000
1048,0.000399,0.020667,0.002419,30722.000000,8.000000,0.000000
1049,0.000399,0.020673,0.002415,30748.000000,8.000000,0.000000
1050,0.000399,0.020691,0.002410,30776.000000,9.000000,1.000000
1051,0.000399,0.020723,0.002406,30803.000000,8.000000,1.000000
1052,0.000399,0.020767,0.002401,30830.000000,9.000000,0.000000
1053,0.000399,0.020823,0.002397,30858.000000,9.000000,0.000000
1054,0.000399,0.020891,0.002393,30886.000000,9.000000,1.000000
1055,0.000399,0.020969,0.002389,30912.000000,9.000000,0.000000
1056,0.000399,0.021057,0.002385,30937.000000,8.000000,0.000000
1057,0.000399,0.021155,0.002381,30966.000000,9.000000,1.000000
1058,0.000399,0.021260,0.002377,30993.000000,9.000000,0.000000
1059,0.000399,0.021372,0.002373,31024.000000,10.000000,0.000000
1060,0.000399,0.021491,0.002369,31052.000000,8.000000,0.000000
1061,0.000399,0.021614,0.002365,31080.000000,9.000000,1.000000
1062,0.000399,0.021741,0.002361,31105.000000,9.000000,0.000000
1063,0.000399,0.021870,0.002357,31133.000000,9.000000,0.000000
1064,0.000399,0.022001,0.002353,31161.000000,9.000000,1.000000
1065,0.000399,0.022132,0.002350,31187.000000,8.000000,1.000000
1066,0.000399,0.022262,0.002346,31215.000000,9.000000,0.000000
1067,0.000399,0.022389,0.002342,31243.000000,9.000000,0.000000
1068,0.000399,0.022513,0.002338,31272.000000,8.000000,0.000000
1069,0.000399,0.022633,0.002333,31300.000000,8.000000,0.000000
1070,0.000399,0.022746,0.002329,31328.000000,9.000000,0.000000
1071,0.000399,0.022854,0.002325,31357.000000,9.000000,0.000000
1072,0.000399,0.022953,0.002320,31383.000000,9.000000,0.000000
1073,0.000399,0.023044,0.002316,31411.000000,9.000000,0.000000
1074,0.000399,0.023125,0.002311,31441.000000,9.000000,0.000000
1075,0.000399,0.023196,0.002306,31470.000000,9.000000,1.000000
1076,0.000399,0.023256,0.002302,31498.000000,9.000000,0.000000
1077,0.000399,0.023305,0.002296,31524.000000,9.000000,0.000000
1078,0.000399,0.023340,0.002291,31552.000000,10.000000,0.000000
1079,0.000399,0.023363,0.002286,31580.000000,10.000000,0.000000
1080,0.000399,0.023372,0.002280,31608.000000,9.000000,0.000000
1081,0.000399,0.023367,0.002275,31636.000000,8.000000,0.000000
1082,0.000399,0.023348,0.002269,31663.000000,9.000000,0.000000
1083,0.000399,0.023315,0.002263,31691.000000,9.000000,1.000000
1084,0.000399,0.023266,0.002256,31718.000000,9.000000,0.000000
1085,0.000399,0.023203,0.002250,31745.000000,8.000000,1.000000
1086,0.000399,0.023125,0.002243,31771.000000,9.000000,0.000000
1087,0.000399,0.023032,0.002237,31798.000000,9.000000,0.000000
1088,0.000399,0.022925,0.002230,31823.000000,9.000000,0.000000
1089,0.000399,0.022803,0.002223,31849.000000,9.000000,0.000000
1090,0.000399,0.022667,0.002216,31877.000000,8.000000,0.000000
1091,0.000399,0.022517,0.002208,31905.000000,9.000000,1.000000
1092,0.000399,0.022353,0.002201,31932.000000,9.000000,0.000000
1093,0.000399,0.022177,0.002194,31960.000000,9.000000,0.000000
1094,0.000399,0.021988,0.002186,31987.000000,9.000000,0.000000
1095,0.000399,0.021787,0.002178,32011.000000,8.000000,1.000000
1096,0.000399,0.021576,0.002170,32038.000000,9.000000,0.000000
1097,0.000399,0.021355,0.002163,32062.000000,8.000000,0.000000
1098,0.000399,0.021124,0.002155,32089.000000,9.000000,1.000000
1099,0.000399,0.020885,0.002147,32112.000000,9.000000,0.000000
1100,0.000399,0.020638,0.002139,32136.000000,9.000000,1.000000
1101,0.000399,0.020386,0.002131,32160.000000,9.000000,0.000000
1102,0.000399,0.020128,0.002123,32188.000000,8.000000,0.000000
1103,0.000399,0.019867,0.002115,32219.000000,11.000000,0.000000
1104,0.000399,0.019603,0.002107,32247.000000,9.000000,1.000000
1105,0.000399,0.019337,0.002099,32277.000000,13.000000,0.000000
1106,0.000399,0.019072,0.002091,32315.000000,13.000000,0.000000
1107,0.000399,0.018808,0.002083,32352.000000,13.000000,0.000000
1108,0.000399,0.018547,0.002075,32384.000000,10.000000,0.000000
1109,0.000399,0.018291,0.002067,32412.000000,8.000000,1.000000
1110,0.000399,0.018040,0.002060,32439.000000,10.000000,0.000000
1111,0.000399,0.017796,0.002052,32467.000000,9.000000,1.000000
1112,0.000399,0.017561,0.002045,32494.000000,9.000000,0.000000
1113,0.000399,0.017337,0.002038,32523.000000,9.000000,0.000000
1114,0.000399,0.017124,0.002031,32547.000000,9.000000,1.000000
1115,0.000399,0.016924,0.002024,32569.000000,9.000000,0.000000
1116,0.000399,0.016738,0.002017,32594.000000,9.000000,0.000000
1117,0.000399,0.016567,0.002011,32622.000000,9.000000,1.000000
1118,0.000399,0.016413,0.002005,32647.000000,9.000000,0.000000
1119,0.000399,0.016276,0.001999,32674.000000,10.000000,0.000000
1120,0.000399,0.016157,0.001993,32698.000000,9.000000,0.000000
1121,0.000399,0.016057,0.001987,32725.000000,9.000000,0.000000
1122,0.000399,0.015976,0.001981,32750.000000,9.000000,0.000000
1123,0.000399,0.015914,0.001976,32778.000000,9.000000,1.000000
1124,0.000399,0.015872,0.001971,32807.000000,9.000000,0.000000
1125,0.000399,0.015849,0.001966,32834.000000,9.000000,0.000000
1126,0.000399,0.015845,0.001961,32859.000000,9.000000,1.000000
1127,0.000399,0.015860,0.001957,32886.000000,9.000000,0.000000
1128,0.000399,0.015893,0.001952,32914.000000,9.000000,0.000000
1129,0.000399,0.015942,0.001948,32937.000000,8.000000,0.000000
1130,0.000399,0.016008,0.001944,32965.000000,9.000000,0.000000
1131,0.000399,0.016089,0.001940,32993.000000,9.000000,1.000000
1132,0.000399,0.016183,0.001937,33020.000000,9.000000,0.000000
1133,0.000399,0.016290,0.001933,33047.000000,8.000000,1.000000
1134,0.000399,0.016408,0.001930,33074.000000,9.000000,0.000000
1135,0.000399,0.016537,0.001927,33102.000000,9.000000,1.000000
1136,0.000399,0.016673,0.001924,33129.000000,8.000000,0.000000
1137,0.000399,0.016817,0.001921,33154.000000,9.000000,0.000000
1138,0.000399,0.016967,0.001918,33180.000000,9.000000,1.000000
1139,0.000399,0.017121,0.001915,33203.000000,9.000000,0.000000
1140,0.000399,0.017279,0.001912,33231.000000,9.000000,0.000000
1141,0.000399,0.017438,0.001910,33258.000000,9.000000,1.000000
1142,0.000399,0.017598,0.001908,33284.000000,9.000000,0.000000
1143,0.000399,0.017758,0.001905,33307.000000,8.000000,0.000000
1144,0.000399,0.017916,0.001903,33335.000000,9.000000,1.000000
1145,0.000399,0.018071,0.001901,33358.000000,9.000000,0.000000
1146,0.000399,0.018223,0.001898,33383.000000,9.000000,0.000000
1147,0.000399,0.018371,0.001896,33407.000000,9.000000,1.000000
1148,0.000399,0.018514,0.001894,33434.000000,9.000000,1.000000
1149,0.000399,0.018650,0.001892,33461.000000,9.000000,0.000000
1150,0.000399,0.018780,0.001889,33489.000000,9.000000,1.000000
1151,0.000399,0.018903,0.001887,33514.000000,9.000000,0.000000
1152,0.000399,0.019018,0.001885,33542.000000,9.000000,0.000000
1153,0.000399,0.019125,0.001882,33570.000000,9.000000,0.000000
1154,0.000399,0.019223,0.001880,33593.000000,8.000000,0.000000
1155,0.000399,0.019313,0.001878,33622.000000,9.000000,0.000000
1156,0.000399,0.019393,0.001875,33651.000000,14.000000,0.000000
1157,0.000399,0.019464,0.001872,33679.000000,9.000000,0.000000
1158,0.000399,0.019525,0.001870,33704.000000,9.000000,1.000000
1159,0.000399,0.019577,0.001867,33732.000000,9.000000,0.000000
1160,0.000399,0.019620,0.001864,33760.000000,9.000000,0.000000
1161,0.000399,0.019652,0.001861,33789.000000,9.000000,1.000000
1162,0.000399,0.019675,0.001858,33817.000000,9.000000,0.000000
1163,0.000399,0.019689,0.001855,33845.000000,9.000000,0.000000
1164,0.000399,0.019694,0.001852,33870.000000,9.000000,0.000000
1165,0.000399,0.019690,0.001849,33899.000000,12.000000,0.000000
1166,0.000399,0.019677,0.001845,33935.000000,12.000000,0.000000
1167,0.000399,0.019655,0.001842,33975.000000,12.000000,0.000000
1168,0.000399,0.019626,0.001838,34012.000000,12.000000,1.000000
1169,0.000399,0.019588,0.001834,34050.000000,12.000000,0.000000
1170,0.000399,0.019544,0.001830,34082.000000,10.000000,1.000000
1171,0.000399,0.019493,0.001826,34109.000000,9.000000,0.000000
1172,0.000399,0.019435,0.001822,34133.000000,9.000000,1.000000
1173,0.000399,0.019371,0.001818,34158.000000,8.000000,0.000000
1174,0.000399,0.019302,0.001814,34182.000000,9.000000,0.000000
1175,0.000399,0.019228,0.001810,34205.000000,8.000000,0.000000
1176,0.000399,0.019150,0.001805,34229.000000,9.000000,0.000000
1177,0.000399,0.019068,0.001801,34252.000000,9.000000,0.000000
1178,0.000399,0.018982,0.001796,34280.000000,9.000000,0.000000
1179,0.000399,0.018894,0.001792,34307.000000,9.000000,0.000000
1180,0.000399,0.018804,0.001787,34331.000000,9.000000,1.000000
1181,0.000399,0.018712,0.001782,34358.000000,9.000000,0.000000
1182,0.000399,0.018619,0.001777,34386.000000,9.000000,0.000000
1183,0.000399,0.018525,0.001772,34409.000000,9.000000,0.000000
1184,0.000399,0.018432,0.001767,34437.000000,9.000000,0.000000
1185,0.000399,0.018338,0.001762,34460.000000,9.000000,0.000000
1186,0.000399,0.018246,0.001757,34484.000000,9.000000,1.000000
1187,0.000399,0.018155,0.001752,34508.000000,9.000000,0.000000
1188,0.000399,0.018065,0.001747,34532.000000,9.000000,0.000000
1189,0.000399,0.017978,0.001741,34561.000000,9.000000,0.000000
1190,0.000399,0.017893,0.001736,34589.000000,9.000000,0.000000
1191,0.000399,0.017811,0.001731,34617.000000,9.000000,0.000000
1192,0.000399,0.017731,0.001726,34644.000000,9.000000,0.000000
1193,0.000399,0.017655,0.001720,34672.000000,9.000000,0.000000
1194,0.000399,0.017582,0.001715,34698.000000,9.000000,0.000000
1195,0.000399,0.017513,0.001710,34726.000000,9.000000,1.000000
1196,0.000399,0.017447,0.001704,34753.000000,9.000000,0.000000
1197,0.000399,0.017384,0.001699,34781.000000,9.000000,1.000000
1198,0.000399,0.017325,0.001693,34808.000000,9.000000,0.000000
1199,0.000399,0.017270,0.001688,34835.000000,9.000000,1.000000
1200,0.000399,0.017217,0.001683,34862.000000,9.000000,0.000000
1201,0.000399,0.017168,0.001677,34886.000000,9.000000,0.000000
1202,0.000399,0.017122,0.001672,34912.000000,9.000000,1.000000
1203,0.000399,0.017079,0.001666,34938.000000,9.000000,0.000000
1204,0.000399,0.017038,0.001661,34966.000000,9.000000,0.000000
1205,0.000399,0.016999,0.001655,34994.000000,9.000000,0.000000
1206,0.000399,0.016963,0.001650,35022.000000,9.000000,0.000000
1207,0.000399,0.016928,0.001644,35049.000000,9.000000,0.000000
1208,0.000399,0.016894,0.001639,35073.000000,9.000000,1.000000
1209,0.000399,0.016861,0.001634,35100.000000,9.000000,0.000000
1210,0.000399,0.016829,0.001628,35127.000000,9.000000,0.000000
1211,0.000399,0.016797,0.001623,35154.000000,9.000000,0.000000
1212,0.000399,0.016765,0.001617,35182.000000,9.000000,1.000000
1213,0.000399,0.016733,0.001612,35209.000000,9.000000,0.000000
1214,0.000399,0.016700,0.001606,35237.000000,9.000000,0.000000
1215,0.000399,0.016665,0.001601,35264.000000,9.000000,0.000000
1216,0.000399,0.016629,0.001595,35287.000000,9.000000,0.000000
1217,0.000399,0.016592,0.001590,35315.000000,9.000000,0.000000
1218,0.000399,0.016552,0.001585,35342.000000,9.000000,0.000000
1219,0.000399,0.016510,0.001579,35370.000000,9.000000,1.000000
1220,0.000399,0.016466,0.001574,35398.000000,9.000000,0.000000
1221,0.000399,0.016419,0.001568,35425.000000,9.000000,0.000000
1222,0.000399,0.016369,0.001563,35449.000000,9.000000,1.000000
1223,0.000399,0.016316,0.001558,35472.000000,9.000000,0.000000
1224,0.000399,0.016260,0.001552,35495.000000,9.000000,0.000000
1225,0.000399,0.016200,0.001547,35519.000000,9.000000,1.000000
1226,0.000399,0.016138,0.001541,35542.000000,9.000000,0.000000
1227,0.000399,0.016073,0.001536,35570.000000,9.000000,0.000000
1228,0.000399,0.016004,0.001531,35597.000000,9.000000,0.000000
1229,0.000399,0.015933,0.001525,35625.000000,9.000000,0.000000
1230,0.000399,0.015858,0.001520,35652.000000,9.000000,0.000000
1231,0.000399,0.015782,0.001515,35680.000000,9.000000,0.000000
1232,0.000399,0.015702,0.001510,35707.000000,9.000000,1.000000
1233,0.000399,0.015621,0.001504,35734.000000,9.000000,0.000000
1234,0.000399,0.015538,0.001499,35759.000000,9.000000,0.000000
1235,0.000399,0.015453,0.001494,35784.000000,9.000000,0.000000
1236,0.000399,0.015368,0.001489,35811.000000,9.000000,0.000000
1237,0.000399,0.015282,0.001484,35837.000000,9.000000,0.000000
1238,0.000399,0.015195,0.001479,35861.000000,9.000000,1.000000
1239,0.000399,0.015109,0.001474,35888.000000,9.000000,0.000000
1240,0.000399,0.015024,0.001469,35916.000000,9.000000,0.000000
1241,0.000399,0.014940,0.001464,35945.000000,9.000000,0.000000
1242,0.000399,0.014858,0.001459,35969.000000,9.000000,1.000000
1243,0.000399,0.014779,0.001454,35997.000000,9.000000,0.000000
1244,0.000399,0.014702,0.001449,36022.000000,9.000000,0.000000
1245,0.000399,0.014630,0.001445,36049.000000,9.000000,0.000000
1246,0.000399,0.014561,0.001440,36075.000000,9.000000,0.000000
1247,0.000399,0.014497,0.001436,36099.000000,9.000000,1.000000
1248,0.000399,0.014438,0.001431,36126.000000,9.000000,0.000000
1249,0.000399,0.014385,0.001427,36150.000000,9.000000,1.000000
1250,0.000399,0.014338,0.001422,36173.000000,9.000000,0.000000
1251,0.000399,0.014297,0.001418,36200.000000,9.000000,0.000000
1252,0.000399,0.014264,0.001414,36228.000000,9.000000,1.000000
1253,0.000399,0.014238,0.001410,36251.000000,9.000000,0.000000
1254,0.000399,0.014219,0.001405,36280.000000,9.000000,0.000000
1255,0.000399,0.014208,0.001401,36308.000000,9.000000,0.000000
1256,0.000399,0.014205,0.001397,36335.000000,9.000000,1.000000
1257,0.000399,0.014210,0.001393,36362.000000,9.000000,0.000000
1258,0.000399,0.014223,0.001390,36390.000000,9.000000,1.000000
1259,0.000399,0.014244,0.001386,36417.000000,9.000000,0.000000
1260,0.000399,0.014273,0.001382,36444.000000,9.000000,0.000000
1261,0.000399,0.014309,0.001378,36472.000000,9.000000,0.000000
1262,0.000399,0.014352,0.001375,36500.000000,9.000000,0.000000
1263,0.000399,0.014403,0.001371,36527.000000,9.000000,1.000000
1264,0.000399,0.014459,0.001368,36554.000000,9.000000,0.000000
1265,0.000399,0.014522,0.001364,36581.000000,9.000000,0.000000
1266,0.000399,0.014590,0.001361,36610.000000,9.000000,1.000000
1267,0.000399,0.014664,0.001357,36638.000000,9.000000,0.000000
1268,0.000399,0.014741,0.001354,36664.000000,9.000000,1.000000
1269,0.000399,0.014823,0.001351,36688.000000,9.000000,0.000000
1270,0.000399,0.014907,0.001347,36716.000000,9.000000,0.000000
1271,0.000399,0.014994,0.001344,36744.000000,9.000000,0.000000
1272,0.000399,0.015082,0.001341,36772.000000,9.000000,0.000000
1273,0.000399,0.015172,0.001337,36800.000000,9.000000,0.000000
1274,0.000399,0.015262,0.001334,36828.000000,9.000000,0.000000
1275,0.000399,0.015351,0.001331,36852.000000,9.000000,1.000000
1276,0.000399,0.015440,0.001327,36879.000000,9.000000,0.000000
1277,0.000399,0.015527,0.001324,36907.000000,9.000000,1.000000
1278,0.000399,0.015611,0.001321,36935.000000,9.000000,0.000000
1279,0.000399,0.015693,0.001317,36962.000000,9.000000,0.000000
1280,0.000399,0.015771,0.001314,36990.000000,9.000000,0.000000
1281,0.000399,0.015845,0.001310,37018.000000,9.000000,0.000000
1282,0.000399,0.015914,0.001307,37046.000000,9.000000,0.000000
1283,0.000399,0.015978,0.001303,37074.000000,9.000000,0.000000
1284,0.000399,0.016036,0.001300,37098.000000,9.000000,0.000000
1285,0.000399,0.016089,0.001296,37126.000000,9.000000,0.000000
1286,0.000399,0.016134,0.001292,37154.000000,9.000000,0.000000
1287,0.000399,0.016173,0.001288,37182.000000,9.000000,0.000000
1288,0.000399,0.016204,0.001285,37211.000000,9.000000,0.000000
1289,0.000399,0.016227,0.001281,37238.000000,9.000000,0.000000
1290,0.000399,0.016243,0.001277,37267.000000,9.000000,1.000000
1291,0.000399,0.016250,0.001273,37292.000000,8.000000,0.000000
1292,0.000399,0.016249,0.001268,37316.000000,9.000000,1.000000
1293,0.000399,0.016239,0.001264,37343.000000,9.000000,0.000000
1294,0.000399,0.016220,0.001260,37371.000000,9.000000,0.000000
1295,0.000399,0.016192,0.001256,37399.000000,9.000000,0.000000
1296,0.000399,0.016156,0.001251,37423.000000,9.000000,0.000000
1297,0.000399,0.016110,0.001247,37448.000000,9.000000,1.000000
1298,0.000399,0.016055,0.001242,37476.000000,9.000000,0.000000
1299,0.000399,0.015992,0.001237,37504.000000,9.000000,0.000000
1300,0.000399,0.015919,0.001233,37527.000000,9.000000,0.000000
1301,0.000399,0.015837,0.001228,37555.000000,9.000000,1.000000
1302,0.000399,0.015747,0.001223,37582.000000,9.000000,0.000000
1303,0.000399,0.015648,0.001218,37609.000000,9.000000,0.000000
1304,0.000399,0.015540,0.001213,37633.000000,9.000000,0.000000
1305,0.000399,0.015425,0.001208,37662.000000,9.000000,0.000000
1306,0.000399,0.015301,0.001203,37691.000000,9.000000,0.000000
1307,0.000399,0.015169,0.001198,37718.000000,9.000000,1.000000
1308,0.000399,0.015030,0.001193,37745.000000,10.000000,0.000000
1309,0.000399,0.014884,0.001188,37774.000000,9.000000,0.000000
1310,0.000399,0.014731,0.001182,37802.000000,9.000000,0.000000
1311,0.000399,0.014571,0.001177,37829.000000,9.000000,1.000000
1312,0.000399,0.014406,0.001172,37859.000000,12.000000,0.000000
1313,0.000399,0.014235,0.001167,37895.000000,12.000000,0.000000
1314,0.000399,0.014058,0.001162,37930.000000,11.000000,0.000000
1315,0.000399,0.013877,0.001156,37967.000000,13.000000,0.000000
1316,0.000399,0.013692,0.001151,37998.000000,9.000000,1.000000
1317,0.000399,0.013504,0.001146,38025.000000,8.000000,0.000000
1318,0.000399,0.013312,0.001141,38052.000000,9.000000,0.000000
1319,0.000399,0.013118,0.001136,38081.000000,9.000000,0.000000
1320,0.000399,0.012922,0.001131,38108.000000,9.000000,0.000000
1321,0.000399,0.012724,0.001126,38136.000000,9.000000,0.000000
1322,0.000399,0.012526,0.001121,38162.000000,9.000000,0.000000
1323,0.000399,0.012328,0.001116,38190.000000,9.000000,1.000000
1324,0.000399,0.012131,0.001111,38218.000000,9.000000,0.000000
1325,0.000399,0.011936,0.001107,38245.000000,9.000000,1.000000
1326,0.000399,0.011742,0.001102,38271.000000,9.000000,1.000000
1327,0.000399,0.011552,0.001097,38300.000000,9.000000,0.000000
1328,0.000399,0.011365,0.001093,38328.000000,9.000000,0.000000
1329,0.000399,0.011182,0.001089,38356.000000,9.000000,0.000000
1330,0.000399,0.011005,0.001085,38384.000000,9.000000,0.000000
1331,0.000399,0.010834,0.001080,38411.000000,9.000000,0.000000
1332,0.000399,0.010669,0.001076,38439.000000,9.000000,0.000000
1333,0.000399,0.010512,0.001073,38467.000000,9.000000,0.000000
1334,0.000399,0.010363,0.001069,38496.000000,9.000000,0.000000
1335,0.000399,0.010223,0.001065,38523.000000,9.000000,0.000000
1336,0.000399,0.010092,0.001062,38551.000000,9.000000,1.000000
1337,0.000399,0.009971,0.001058,38579.000000,9.000000,0.000000
1338,0.000399,0.009861,0.001055,38608.000000,9.000000,0.000000
1339,0.000399,0.009762,0.001052,38631.000000,9.000000,0.000000
1340,0.000399,0.009674,0.001049,38659.000000,9.000000,0.000000
1341,0.000399,0.009598,0.001047,38686.000000,9.000000,1.000000
1342,0.000399,0.009535,0.001044,38713.000000,9.000000,0.000000
1343,0.000399,0.009483,0.001041,38741.000000,9.000000,0.000000
1344,0.000399,0.009444,0.001039,38768.000000,9.000000,1.000000
1345,0.000399,0.009417,0.001037,38796.000000,9.000000,0.000000
1346,0.000399,0.009402,0.001035,38823.000000,9.000000,0.000000
1347,0.000399,0.009400,0.001033,38850.000000,9.000000,1.000000
1348,0.000399,0.009409,0.001031,38876.000000,9.000000,1.000000
1349,0.000399,0.009429,0.001030,38903.000000,9.000000,0.000000
1350,0.000399,0.009460,0.001028,38930.000000,9.000000,0.000000
1351,0.000399,0.009501,0.001027,38958.000000,9.000000,0.000000
1352,0.000399,0.009552,0.001026,38985.000000,9.000000,0.000000
1353,0.000399,0.009612,0.001025,39010.000000,9.000000,0.000000
1354,0.000399,0.009680,0.001024,39037.000000,9.000000,1.000000
1355,0.000399,0.009756,0.001023,39064.000000,9.000000,0.000000
1356,0.000399,0.009840,0.001022,39096.000000,12.000000,1.000000
1357,0.000399,0.009929,0.001022,39127.000000,11.000000,0.000000
1358,0.000399,0.010024,0.001021,39161.000000,12.000000,1.000000
1359,0.000399,0.010124,0.001021,39193.000000,11.000000,0.000000
1360,0.000399,0.010228,0.001021,39226.000000,11.000000,0.000000
1361,0.000399,0.010336,0.001021,39263.000000,14.000000,1.000000
1362,0.000399,0.010447,0.001021,39299.000000,13.000000,0.000000
1363,0.000399,0.010559,0.001021,39335.000000,11.000000,1.000000
1364,0.000399,0.010674,0.001021,39371.000000,12.000000,0.000000
1365,0.000399,0.010789,0.001021,39401.000000,9.000000,1.000000
1366,0.000399,0.010905,0.001021,39428.000000,9.000000,0.000000
1367,0.000399,0.011021,0.001022,39455.000000,9.000000,0.000000
1368,0.000399,0.011136,0.001022,39483.000000,9.000000,0.000000
1369,0.000399,0.011251,0.001023,39509.000000,9.000000,0.000000
1370,0.000399,0.011364,0.001023,39537.000000,9.000000,1.000000
1371,0.000399,0.011475,0.001024,39564.000000,9.000000,0.000000
1372,0.000399,0.011584,0.001025,39590.000000,9.000000,0.000000
1373,0.000399,0.011690,0.001025,39620.000000,12.000000,1.000000
1374,0.000399,0.011794,0.001026,39654.000000,12.000000,0.000000
1375,0.000399,0.011895,0.001027,39689.000000,13.000000,1.000000
1376,0.000399,0.011992,0.001028,39718.000000,9.000000,0.000000
1377,0.000399,0.012085,0.001029,39745.000000,9.000000,0.000000
1378,0.000399,0.012175,0.001030,39772.000000,9.000000,0.000000
1379,0.000399,0.012261,0.001030,39809.000000,12.000000,1.000000
1380,0.000399,0.012343,0.001031,39837.000000,9.000000,0.000000
1381,0.000399,0.012421,0.001032,39865.000000,9.000000,0.000000
1382,0.000399,0.012494,0.001033,39892.000000,9.000000,1.000000
1383,0.000399,0.012563,0.001034,39918.000000,9.000000,0.000000
1384,0.000399,0.012628,0.001035,39948.000000,9.000000,0.000000
1385,0.000399,0.012688,0.001036,39973.000000,8.000000,0.000000
1386,0.000399,0.012743,0.001037,40000.000000,9.000000,0.000000
1387,0.000399,0.012794,0.001037,40026.000000,9.000000,0.000000
1388,0.000399,0.012841,0.001038,40053.000000,9.000000,1.000000
1389,0.000399,0.012883,0.001039,40079.000000,8.000000,0.000000
1390,0.000399,0.012920,0.001040,40107.000000,9.000000,0.000000
1391,0.000399,0.012954,0.001041,40134.000000,9.000000,0.000000
1392,0.000399,0.012983,0.001041,40161.000000,9.000000,1.000000
1393,0.000399,0.013007,0.001042,40188.000000,9.000000,0.000000
1394,0.000399,0.013028,0.001043,40216.000000,9.000000,0.000000
1395,0.000399,0.013045,0.001043,40242.000000,9.000000,0.000000
1396,0.000399,0.013058,0.001044,40268.000000,9.000000,0.000000
1397,0.000399,0.013068,0.001045,40293.000000,9.000000,0.000000
1398,0.000399,0.013074,0.001045,40321.000000,9.000000,0.000000
1399,0.000399,0.013076,0.001046,40347.000000,9.000000,0.000000
1400,0.000399,0.013076,0.001046,40374.000000,9.000000,0.000000
1401,0.000399,0.013072,0.001047,40401.000000,9.000000,1.000000
1402,0.000399,0.013066,0.001047,40428.000000,9.000000,0.000000
1403,0.000399,0.013057,0.001047,40455.000000,9.000000,0.000000
1404,0.000399,0.013046,0.001048,40481.000000,9.000000,0.000000
1405,0.000399,0.013033,0.001048,40508.000000,9.000000,1.000000
1406,0.000399,0.013017,0.001048,40534.000000,9.000000,0.000000
1407,0.000399,0.013000,0.001048,40561.000000,9.000000,0.000000
1408,0.000399,0.012982,0.001048,40587.000000,9.000000,1.000000
1409,0.000399,0.012961,0.001049,40612.000000,8.000000,0.000000
1410,0.000399,0.012940,0.001049,40638.000000,9.000000,1.000000
1411,0.000399,0.012918,0.001049,40665.000000,9.000000,1.000000
