Iteration,t_k,gradnorm,objective,time,two_loop_time,grad_time
1,0.000000,59804445.199123,1426428454446.152344,15.000000,0.000000,8.000000
2,0.000000,39.188045,90.788485,51.000000,1.000000,9.000000
3,0.000000,38.826478,89.569185,80.000000,1.000000,9.000000
4,0.000000,8.260224,11.755714,108.000000,1.000000,9.000000
5,0.000000,5.699794,6.601407,135.000000,1.000000,9.000000
6,0.000000,2.953176,1.840665,165.000000,2.000000,9.000000
7,0.000000,4.273685,1.577989,194.000000,1.000000,9.000000
8,0.000000,1.393934,0.896016,222.000000,2.000000,9.000000
9,0.000000,1.022948,0.713177,250.000000,2.000000,9.000000
10,0.000000,121.589133,6.394777,278.000000,2.000000,9.000000
11,0.000000,1.705394,0.560549,305.000000,1.000000,10.000000
12,0.000000,1.416186,0.545301,332.000000,2.000000,9.000000
13,0.000000,1.238754,0.474212,357.000000,2.000000,9.000000
14,0.000000,1.462021,0.347493,384.000000,2.000000,9.000000
15,0.000000,0.544024,0.275640,412.000000,2.000000,9.000000
16,0.000000,0.427910,0.256179,439.000000,2.000000,9.000000
17,0.000000,4.767343,0.232274,465.000000,2.000000,9.000000
18,0.000000,3.025241,0.216440,491.000000,1.000000,9.000000
19,0.000000,0.676199,0.201381,518.000000,1.000000,9.000000
20,0.000000,1.612461,0.186158,543.000000,1.000000,9.000000
21,0.000000,1.632201,0.178239,568.000000,2.000000,9.000000
22,0.000000,6.181327,0.369374,597.000000,2.000000,9.000000
23,0.000000,4.081871,0.170791,625.000000,2.000000,9.000000
24,0.000000,118.271638,7.948524,652.000000,2.000000,9.000000
25,0.000000,0.527252,0.159542,680.000000,1.000000,10.000000
26,0.000000,0.508046,0.159172,707.000000,1.000000,9.000000
27,0.000000,1.716585,0.136453,733.000000,1.000000,9.000000
28,0.000000,1.339193,0.121292,758.000000,1.000000,9.000000
29,0.000000,0.649677,0.108165,784.000000,2.000000,9.000000
30,0.000000,1.275373,0.101954,809.000000,2.000000,9.000000
31,0.000000,2.068420,0.098301,836.000000,2.000000,9.000000
32,0.000000,1.080014,0.091296,861.000000,2.000000,9.000000
33,0.000000,0.699197,0.089435,888.000000,2.000000,9.000000
34,0.000000,0.455737,0.087074,917.000000,1.000000,9.000000
35,0.000000,0.942030,0.084728,947.000000,2.000000,9.000000
36,0.000000,1.360605,0.081135,977.000000,1.000000,9.000000
37,0.000000,0.546710,0.076909,1006.000000,1.000000,9.000000
38,0.000000,3.852999,0.082608,1034.000000,1.000000,10.000000
39,0.000000,0.550648,0.074837,1060.000000,2.000000,9.000000
40,0.000000,0.358154,0.074503,1088.000000,2.000000,9.000000
41,0.000000,0.541092,0.073803,1117.000000,1.000000,9.000000
42,0.000000,0.814770,0.073015,1144.000000,1.000000,9.000000
43,0.000000,1.152975,0.070464,1169.000000,1.000000,8.000000
44,0.000000,1.053052,0.066833,1197.000000,2.000000,9.000000
45,0.000000,20.946577,0.263538,1227.000000,2.000000,9.000000
46,0.000000,1.214490,0.061774,1258.000000,1.000000,9.000000
47,0.000000,0.756786,0.060460,1288.000000,1.000000,9.000000
48,0.000000,0.351092,0.059035,1317.000000,1.000000,8.000000
49,0.000000,0.400631,0.058522,1346.000000,1.000000,9.000000
50,0.000000,0.873444,0.054593,1375.000000,1.000000,9.000000
51,0.000000,0.941078,0.051170,1403.000000,2.000000,9.000000
52,0.000000,7.334061,0.077763,1429.000000,2.000000,9.000000
53,0.000000,0.303484,0.048149,1455.000000,2.000000,9.000000
54,0.000000,0.303681,0.047573,1481.000000,2.000000,9.000000
55,0.000000,9.664605,0.185649,1509.000000,2.000000,9.000000
56,0.000000,0.281960,0.042964,1535.000000,2.000000,9.000000
57,0.000000,0.179112,0.042817,1564.000000,2.000000,9.000000
58,0.000000,0.534584,0.042435,1593.000000,1.000000,9.000000
59,0.000000,0.816461,0.041905,1623.000000,1.000000,9.000000
60,0.000000,0.900474,0.040668,1647.000000,2.000000,9.000000
61,0.000000,1.572867,0.038513,1677.000000,2.000000,9.000000
62,0.000000,0.656538,0.036839,1707.000000,1.000000,9.000000
63,0.000000,0.169241,0.035913,1735.000000,1.000000,9.000000
64,0.000000,0.473366,0.035205,1763.000000,1.000000,9.000000
65,0.000000,0.459779,0.034689,1791.000000,2.000000,9.000000
66,0.000000,0.510603,0.032953,1818.000000,2.000000,9.000000
67,0.000000,0.189745,0.031515,1848.000000,1.000000,9.000000
68,0.000000,0.179929,0.030923,1874.000000,1.000000,9.000000
69,0.000000,5.880990,0.046381,1904.000000,2.000000,9.000000
70,0.000000,0.393463,0.028953,1931.000000,2.000000,9.000000
71,0.000000,0.217768,0.028740,1960.000000,1.000000,9.000000
72,0.000000,0.323273,0.028374,1988.000000,1.000000,9.000000
73,0.000000,0.457644,0.028135,2014.000000,2.000000,9.000000
74,0.000000,0.564333,0.027619,2044.000000,2.000000,9.000000
75,0.000000,0.503478,0.026878,2071.000000,2.000000,9.000000
76,0.000000,4.821762,0.038496,2098.000000,2.000000,8.000000
77,0.000000,0.494043,0.025804,2127.000000,1.000000,9.000000
78,0.000000,0.149614,0.025361,2156.000000,1.000000,9.000000
79,0.000000,0.527226,0.024786,2185.000000,2.000000,9.000000
80,0.000000,0.695732,0.024378,2213.000000,1.000000,9.000000
81,0.000000,0.705197,0.023218,2240.000000,2.000000,9.000000
82,0.000000,1.137616,0.020462,2267.000000,1.000000,9.000000
83,0.000000,2.710401,0.024670,2296.000000,2.000000,9.000000
84,0.000000,0.250773,0.018829,2323.000000,2.000000,9.000000
85,0.000000,0.217802,0.018750,2349.000000,2.000000,9.000000
86,0.000000,0.371898,0.018152,2376.000000,1.000000,9.000000
87,0.000000,0.157010,0.017151,2402.000000,1.000000,10.000000
88,0.000000,0.195486,0.016310,2430.000000,2.000000,9.000000
89,0.000000,0.162699,0.014661,2454.000000,2.000000,9.000000
90,0.000000,8.353540,0.041435,2483.000000,2.000000,9.000000
91,0.000000,0.400194,0.013072,2512.000000,2.000000,9.000000
92,0.000000,0.321284,0.012893,2537.000000,2.000000,9.000000
93,0.000000,0.159230,0.012362,2563.000000,2.000000,9.000000
94,0.000000,0.158245,0.012097,2591.000000,2.000000,9.000000
95,0.000000,0.125609,0.011236,2617.000000,2.000000,9.000000
96,0.000000,0.197397,0.010783,2644.000000,2.000000,9.000000
97,0.000000,19.150172,0.170394,2670.000000,2.000000,9.000000
98,0.000000,0.182679,0.009318,2697.000000,1.000000,9.000000
99,0.000000,0.152806,0.009272,2726.000000,2.000000,9.000000
100,0.000000,0.112246,0.009051,2752.000000,2.000000,9.000000
101,0.000000,0.190289,0.008678,2780.000000,1.000000,8.000000
102,0.000000,0.292863,0.007975,2809.000000,2.000000,9.000000
103,0.000000,0.202385,0.007215,2836.000000,2.000000,9.000000
104,0.000000,5.938460,0.021928,2865.000000,2.000000,9.000000
105,0.000000,0.294571,0.006950,2894.000000,2.000000,9.000000
106,0.000000,0.220628,0.006880,2923.000000,2.000000,9.000000
107,0.000000,0.093174,0.006728,2951.000000,2.000000,9.000000
108,0.000000,0.092974,0.006667,2980.000000,2.000000,9.000000
109,0.000000,0.125985,0.006275,3008.000000,2.000000,9.000000
110,0.000000,0.102871,0.005950,3038.000000,1.000000,9.000000
111,0.000000,0.171591,0.005534,3066.000000,1.000000,9.000000
112,0.000000,7.876199,0.032380,3095.000000,1.000000,9.000000
113,0.000000,0.055812,0.005265,3123.000000,1.000000,9.000000
114,0.000000,0.051061,0.005230,3152.000000,1.000000,9.000000
115,0.000000,0.295941,0.005386,3179.000000,1.000000,9.000000
116,0.000000,0.062732,0.005126,3205.000000,2.000000,9.000000
117,0.000000,0.043442,0.005099,3234.000000,2.000000,9.000000
118,0.000000,0.036431,0.005033,3263.000000,1.000000,8.000000
119,0.000000,0.075795,0.004978,3289.000000,2.000000,9.000000
120,0.000000,0.849169,0.005240,3317.000000,2.000000,9.000000
121,0.000000,0.029341,0.004823,3346.000000,2.000000,9.000000
122,0.000000,0.028414,0.004817,3375.000000,2.000000,9.000000
123,0.000000,0.105474,0.004817,3403.000000,2.000000,9.000000
124,0.000000,0.033210,0.004794,3430.000000,2.000000,9.000000
125,0.000000,0.034077,0.004779,3460.000000,2.000000,9.000000
126,0.000000,0.059001,0.004749,3487.000000,2.000000,9.000000
127,0.000000,0.199330,0.004723,3517.000000,1.000000,9.000000
128,0.000000,0.061574,0.004705,3545.000000,2.000000,9.000000
129,0.000000,0.031302,0.004690,3574.000000,2.000000,9.000000
130,0.000000,0.029101,0.004676,3601.000000,2.000000,9.000000
131,0.000000,0.308413,0.004694,3632.000000,1.000000,9.000000
132,0.000000,0.071595,0.004635,3661.000000,2.000000,9.000000
133,0.000000,0.025506,0.004630,3691.000000,1.000000,8.000000
134,0.000000,0.047208,0.004628,3721.000000,1.000000,9.000000
135,0.000000,0.068595,0.004625,3750.000000,1.000000,9.000000
136,0.000000,0.111947,0.004613,3778.000000,2.000000,9.000000
137,0.000000,0.111791,0.004597,3809.000000,2.000000,9.000000
138,0.000000,0.509617,0.004585,3837.000000,2.000000,9.000000
139,0.000000,0.115504,0.004482,3867.000000,2.000000,9.000000
140,0.000000,0.033782,0.004474,3897.000000,2.000000,9.000000
141,0.000000,0.029778,0.004472,3926.000000,2.000000,9.000000
142,0.000000,0.038398,0.004469,3955.000000,2.000000,9.000000
143,0.000000,0.101328,0.004446,3985.000000,1.000000,9.000000
144,0.000000,0.152228,0.004415,4014.000000,2.000000,9.000000
145,0.000000,0.160721,0.004367,4043.000000,2.000000,9.000000
146,0.000000,2.229016,0.007733,4073.000000,2.000000,9.000000
147,0.000000,0.059772,0.004338,4103.000000,2.000000,9.000000
148,0.000000,0.036839,0.004332,4132.000000,2.000000,9.000000
149,0.000000,0.050713,0.004318,4162.000000,1.000000,9.000000
150,0.000000,0.084883,0.004301,4192.000000,1.000000,9.000000
151,0.000000,0.112919,0.004261,4222.000000,2.000000,9.000000
152,0.000000,0.047386,0.004210,4252.000000,2.000000,9.000000
153,0.000000,0.248835,0.004213,4281.000000,2.000000,9.000000
154,0.000000,0.093328,0.004174,4311.000000,2.000000,9.000000
155,0.000000,0.064431,0.004167,4342.000000,1.000000,9.000000
156,0.000000,0.037199,0.004152,4371.000000,2.000000,9.000000
157,0.000000,0.039159,0.004112,4401.000000,2.000000,9.000000
158,0.000000,0.067502,0.004058,4430.000000,1.000000,9.000000
159,0.000000,0.045658,0.003997,4459.000000,1.000000,9.000000
160,0.000000,1.079680,0.004464,4488.000000,1.000000,9.000000
161,0.000000,0.060448,0.003974,4517.000000,2.000000,9.000000
162,0.000000,0.046718,0.003971,4547.000000,1.000000,9.000000
163,0.000000,0.033700,0.003962,4576.000000,1.000000,9.000000
164,0.000000,0.044000,0.003949,4605.000000,1.000000,9.000000
165,0.000000,0.067312,0.003919,4634.000000,1.000000,9.000000
166,0.000000,0.063860,0.003879,4662.000000,1.000000,9.000000
167,0.000000,0.620945,0.003953,4690.000000,1.000000,8.000000
168,0.000000,0.122925,0.003825,4720.000000,1.000000,9.000000
169,0.000000,0.059707,0.003810,4753.000000,2.000000,9.000000
170,0.000000,0.040899,0.003787,4781.000000,2.000000,9.000000
171,0.000000,0.034614,0.003780,4819.000000,2.000000,13.000000
172,0.000000,0.066469,0.003761,4861.000000,3.000000,13.000000
173,0.000000,0.021259,0.003749,4906.000000,3.000000,17.000000
174,0.000000,0.118659,0.003728,4954.000000,3.000000,17.000000
175,0.000000,0.144668,0.003703,5004.000000,2.000000,16.000000
176,0.000000,0.126451,0.003666,5053.000000,2.000000,17.000000
177,0.000000,0.037373,0.003658,5098.000000,3.000000,14.000000
178,0.000000,0.030874,0.003657,5139.000000,2.000000,14.000000
179,0.000000,0.029233,0.003648,5178.000000,2.000000,14.000000
180,0.000000,0.028989,0.003611,5219.000000,2.000000,14.000000
181,0.000000,0.281451,0.003703,5262.000000,2.000000,14.000000
182,0.000000,0.110504,0.003539,5304.000000,2.000000,14.000000
183,0.000000,0.053739,0.003520,5341.000000,3.000000,11.000000
184,0.000000,0.025314,0.003510,5371.000000,1.000000,9.000000
185,0.000000,0.040168,0.003505,5402.000000,2.000000,9.000000
186,0.000000,0.049938,0.003493,5432.000000,2.000000,9.000000
187,0.000000,0.201151,0.003499,5460.000000,2.000000,9.000000
188,0.000000,0.059559,0.003459,5490.000000,2.000000,9.000000
189,0.000000,0.077305,0.003436,5519.000000,2.000000,9.000000
190,0.000000,0.097795,0.003414,5549.000000,1.000000,9.000000
191,0.000000,0.073468,0.003402,5577.000000,2.000000,9.000000
192,0.000000,0.033854,0.003391,5605.000000,2.000000,9.000000
193,0.000000,0.026687,0.003384,5635.000000,2.000000,9.000000
194,0.000000,0.244218,0.003389,5665.000000,2.000000,9.000000
195,0.000000,0.057037,0.003365,5693.000000,1.000000,9.000000
196,0.000000,0.030377,0.003361,5723.000000,1.000000,9.000000
197,0.000000,0.031753,0.003351,5752.000000,1.000000,9.000000
198,0.000000,0.028556,0.003347,5781.000000,2.000000,9.000000
199,0.000000,0.082333,0.003392,5810.000000,2.000000,9.000000
200,0.000000,0.028464,0.003331,5838.000000,2.000000,9.000000
201,0.000000,0.053462,0.003329,5866.000000,1.000000,9.000000
202,0.000000,0.047242,0.003326,5895.000000,2.000000,9.000000
203,0.000000,0.017819,0.003292,5924.000000,1.000000,9.000000
204,0.000000,0.052080,0.003285,5963.000000,1.000000,10.000000
205,0.000000,0.043962,0.003270,5992.000000,1.000000,9.000000
206,0.000000,0.032533,0.003212,6022.000000,1.000000,9.000000
207,0.000000,0.995472,0.003609,6052.000000,2.000000,9.000000
208,0.000000,0.044717,0.003130,6081.000000,2.000000,9.000000
209,0.000000,0.029962,0.003112,6111.000000,1.000000,9.000000
210,0.000000,0.176493,0.003130,6140.000000,2.000000,9.000000
211,0.000000,0.028585,0.003076,6169.000000,2.000000,8.000000
212,0.000000,0.025919,0.003073,6197.000000,2.000000,9.000000
213,0.000000,0.060872,0.003050,6227.000000,2.000000,9.000000
214,0.000000,0.017542,0.003035,6256.000000,1.000000,8.000000
215,0.000000,0.244240,0.003061,6286.000000,1.000000,9.000000
216,0.000000,0.024096,0.003021,6314.000000,2.000000,9.000000
217,0.000000,0.024644,0.003019,6344.000000,2.000000,9.000000
218,0.000000,0.035871,0.003013,6372.000000,2.000000,9.000000
219,0.000000,0.019860,0.003008,6401.000000,1.000000,9.000000
220,0.000000,0.054624,0.003007,6429.000000,1.000000,8.000000
221,0.000000,0.020055,0.002996,6458.000000,2.000000,9.000000
222,0.000000,0.027267,0.002991,6487.000000,2.000000,9.000000
223,0.000000,0.084212,0.002978,6514.000000,2.000000,9.000000
224,0.000000,0.050574,0.002955,6542.000000,2.000000,9.000000
225,0.000000,0.843395,0.003257,6571.000000,1.000000,9.000000
226,0.000000,0.087791,0.002928,6600.000000,1.000000,8.000000
227,0.000000,0.045253,0.002918,6629.000000,2.000000,9.000000
228,0.000000,0.049968,0.002903,6658.000000,2.000000,9.000000
229,0.000000,0.060965,0.002898,6688.000000,2.000000,9.000000
230,0.000000,0.039906,0.002879,6718.000000,2.000000,9.000000
231,0.000000,0.026381,0.002865,6747.000000,2.000000,9.000000
232,0.000000,0.026285,0.002829,6776.000000,1.000000,9.000000
233,0.000000,9.205318,0.047116,6804.000000,1.000000,9.000000
234,0.000000,0.033592,0.002822,6834.000000,2.000000,9.000000
235,0.000000,0.026586,0.002820,6864.000000,1.000000,9.000000
236,0.000000,0.018346,0.002817,6893.000000,2.000000,9.000000
237,0.000000,0.030690,0.002813,6922.000000,1.000000,9.000000
238,0.000000,0.058001,0.002802,6951.000000,1.000000,9.000000
239,0.000000,0.084382,0.002781,6980.000000,2.000000,9.000000
240,0.000000,0.100854,0.002747,7010.000000,1.000000,9.000000
241,0.000000,0.927997,0.003153,7038.000000,2.000000,9.000000
242,0.000000,0.046342,0.002705,7068.000000,2.000000,9.000000
243,0.000000,0.043794,0.002690,7097.000000,1.000000,9.000000
244,0.000000,1.241125,0.004277,7126.000000,1.000000,9.000000
245,0.000000,0.079833,0.002549,7155.000000,2.000000,9.000000
246,0.000000,0.035104,0.002542,7184.000000,2.000000,9.000000
247,0.000000,0.065078,0.002536,7213.000000,1.000000,9.000000
248,0.000000,0.091355,0.002529,7243.000000,2.000000,9.000000
249,0.000000,0.088994,0.002512,7272.000000,1.000000,9.000000
250,0.000000,0.165327,0.002488,7301.000000,1.000000,9.000000
251,0.000000,0.173999,0.002450,7330.000000,1.000000,9.000000
252,0.000000,5.028396,0.012430,7359.000000,1.000000,9.000000
253,0.000000,0.047211,0.002363,7389.000000,1.000000,8.000000
254,0.000000,0.045835,0.002358,7417.000000,2.000000,9.000000
255,0.000000,0.044298,0.002294,7446.000000,2.000000,9.000000
256,0.000000,0.026190,0.002218,7474.000000,2.000000,9.000000
257,0.000000,0.030582,0.002126,7504.000000,1.000000,9.000000
258,0.000000,0.034139,0.002017,7533.000000,1.000000,9.000000
259,0.000000,2.256228,0.003900,7563.000000,2.000000,9.000000
260,0.000000,0.097437,0.001922,7590.000000,2.000000,9.000000
261,0.000000,0.063742,0.001903,7620.000000,2.000000,9.000000
262,0.000000,0.041606,0.001878,7650.000000,2.000000,9.000000
263,0.000000,0.035711,0.001854,7679.000000,1.000000,9.000000
264,0.000000,0.117138,0.001802,7707.000000,1.000000,9.000000
265,0.000000,0.041976,0.001765,7736.000000,2.000000,9.000000
266,0.000000,0.028511,0.001755,7764.000000,2.000000,9.000000
267,0.000000,0.064288,0.001754,7793.000000,2.000000,9.000000
268,0.000000,0.020596,0.001750,7821.000000,2.000000,9.000000
269,0.000000,0.024582,0.001748,7849.000000,2.000000,9.000000
270,0.000000,0.032371,0.001744,7878.000000,2.000000,9.000000
271,0.000000,0.027477,0.001737,7910.000000,1.000000,8.000000
272,0.000000,1.187890,0.003197,7937.000000,2.000000,9.000000
273,0.000000,0.032087,0.001726,7965.000000,2.000000,9.000000
274,0.000000,0.012374,0.001722,7992.000000,2.000000,9.000000
275,0.000000,0.015792,0.001719,8020.000000,1.000000,9.000000
276,0.000000,0.478051,0.001850,8048.000000,1.000000,9.000000
277,0.000000,0.040507,0.001716,8078.000000,1.000000,9.000000
278,0.000000,0.036270,0.001714,8107.000000,1.000000,9.000000
279,0.000000,0.022832,0.001689,8136.000000,1.000000,8.000000
280,0.000000,0.026608,0.001686,8165.000000,1.000000,9.000000
281,0.000000,0.051345,0.001679,8193.000000,2.000000,9.000000
282,0.000000,0.132764,0.001645,8220.000000,2.000000,9.000000
283,0.000000,0.029882,0.001624,8249.000000,2.000000,9.000000
284,0.000000,0.049549,0.001612,8278.000000,2.000000,9.000000
285,0.000000,0.024830,0.001604,8307.000000,1.000000,9.000000
286,0.000000,0.070712,0.001587,8336.000000,1.000000,9.000000
287,0.000000,0.095851,0.001565,8365.000000,1.000000,9.000000
288,0.000000,0.128645,0.001546,8394.000000,1.000000,9.000000
289,0.000000,0.023693,0.001533,8423.000000,2.000000,9.000000
290,0.000000,0.022365,0.001531,8452.000000,1.000000,9.000000
291,0.000000,0.028596,0.001513,8481.000000,1.000000,8.000000
292,0.000000,1.447240,0.002927,8510.000000,2.000000,9.000000
293,0.000000,0.145958,0.001432,8539.000000,2.000000,9.000000
294,0.000000,0.078423,0.001412,8565.000000,2.000000,9.000000
295,0.000000,0.034500,0.001394,8593.000000,2.000000,9.000000
296,0.000000,0.030349,0.001390,8620.000000,1.000000,9.000000
297,0.000000,0.037903,0.001362,8648.000000,2.000000,9.000000
298,0.000000,0.054699,0.001329,8677.000000,2.000000,9.000000
299,0.000000,0.269512,0.001349,8706.000000,2.000000,9.000000
300,0.000000,0.016429,0.001310,8735.000000,2.000000,9.000000
301,0.000000,0.017408,0.001308,8763.000000,1.000000,9.000000
302,0.000000,0.033182,0.001301,8789.000000,1.000000,8.000000
303,0.000000,0.014866,0.001290,8818.000000,2.000000,9.000000
304,0.000000,0.012842,0.001284,8845.000000,1.000000,9.000000
305,0.000000,0.032824,0.001277,8874.000000,1.000000,9.000000
306,0.000000,0.082979,0.001272,8902.000000,2.000000,9.000000
307,0.000000,0.021972,0.001263,8938.000000,2.000000,16.000000
308,0.000000,0.036916,0.001261,8968.000000,2.000000,9.000000
309,0.000000,0.019804,0.001258,8998.000000,2.000000,9.000000
310,0.000000,0.014349,0.001255,9026.000000,2.000000,9.000000
311,0.000000,0.102893,0.001253,9054.000000,2.000000,9.000000
312,0.000000,0.061159,0.001247,9083.000000,2.000000,9.000000
313,0.000000,0.014381,0.001239,9113.000000,1.000000,9.000000
314,0.000000,0.034497,0.001232,9141.000000,2.000000,9.000000
315,0.000000,0.034990,0.001229,9171.000000,1.000000,8.000000
316,0.000000,0.571662,0.002062,9200.000000,1.000000,9.000000
317,0.000000,0.020326,0.001219,9229.000000,2.000000,9.000000
318,0.000000,0.017204,0.001214,9258.000000,2.000000,9.000000
319,0.000000,0.105453,0.001184,9288.000000,1.000000,9.000000
320,0.000000,0.147980,0.001184,9316.000000,2.000000,9.000000
321,0.000000,0.027692,0.001176,9345.000000,2.000000,9.000000
322,0.000000,0.024157,0.001175,9371.000000,1.000000,9.000000
323,0.000000,0.039828,0.001161,9398.000000,2.000000,9.000000
324,0.000000,0.031571,0.001150,9425.000000,1.000000,9.000000
325,0.000000,0.047052,0.001128,9457.000000,1.000000,8.000000
326,0.000000,0.635188,0.001359,9484.000000,2.000000,9.000000
327,0.000000,0.053797,0.001113,9512.000000,2.000000,9.000000
328,0.000000,0.023269,0.001111,9541.000000,2.000000,9.000000
329,0.000000,0.025295,0.001109,9570.000000,2.000000,9.000000
330,0.000000,0.038506,0.001108,9599.000000,1.000000,9.000000
331,0.000000,0.074723,0.001101,9628.000000,2.000000,9.000000
332,0.000000,0.097670,0.001092,9658.000000,2.000000,9.000000
333,0.000000,0.040111,0.001081,9688.000000,2.000000,9.000000
334,0.000000,0.064118,0.001076,9716.000000,2.000000,9.000000
335,0.000000,0.145603,0.001080,9746.000000,1.000000,9.000000
336,0.000000,0.020916,0.001073,9775.000000,2.000000,9.000000
337,0.000000,0.018056,0.001072,9804.000000,2.000000,9.000000
338,0.000000,0.031039,0.001066,9835.000000,1.000000,8.000000
339,0.000000,0.036283,0.001061,9864.000000,2.000000,9.000000
340,0.000000,0.044489,0.001054,9894.000000,1.000000,9.000000
341,0.000000,0.048698,0.001038,9920.000000,2.000000,9.000000
342,0.000000,3.804832,0.007808,9948.000000,2.000000,9.000000
343,0.000000,0.015107,0.001028,9977.000000,2.000000,9.000000
344,0.000000,0.017307,0.001025,10006.000000,2.000000,9.000000
345,0.000000,0.077488,0.001027,10034.000000,1.000000,9.000000
346,0.000000,0.019131,0.001013,10063.000000,1.000000,9.000000
347,0.000000,0.014915,0.001010,10091.000000,1.000000,9.000000
348,0.000000,0.024025,0.001002,10118.000000,1.000000,9.000000
349,0.000000,0.017987,0.000996,10146.000000,1.000000,9.000000
350,0.000000,0.423037,0.001072,10174.000000,2.000000,9.000000
351,0.000000,0.019749,0.000990,10202.000000,2.000000,9.000000
352,0.000000,0.013727,0.000988,10231.000000,1.000000,8.000000
353,0.000000,0.028504,0.000985,10259.000000,2.000000,9.000000
354,0.000000,0.035871,0.000983,10289.000000,1.000000,8.000000
355,0.000000,0.026724,0.000976,10316.000000,1.000000,9.000000
356,0.000000,0.015972,0.000968,10345.000000,2.000000,9.000000
357,0.000000,0.051049,0.000959,10375.000000,1.000000,9.000000
358,0.000000,0.027924,0.000953,10404.000000,1.000000,9.000000
359,0.000000,0.028335,0.000948,10433.000000,2.000000,9.000000
360,0.000000,0.033108,0.000943,10461.000000,1.000000,9.000000
361,0.000000,0.018245,0.000933,10490.000000,2.000000,9.000000
362,0.000000,0.017347,0.000920,10520.000000,1.000000,9.000000
363,0.000000,0.085119,0.000902,10549.000000,2.000000,9.000000
364,0.000000,0.032863,0.000887,10579.000000,2.000000,9.000000
365,0.000000,0.020873,0.000882,10607.000000,1.000000,9.000000
366,0.000000,0.017633,0.000880,10634.000000,2.000000,9.000000
367,0.000000,0.034746,0.000865,10664.000000,1.000000,9.000000
368,0.000000,0.057224,0.000838,10693.000000,1.000000,9.000000
369,0.000000,0.321267,0.000895,10722.000000,2.000000,9.000000
370,0.000000,0.018934,0.000830,10752.000000,2.000000,9.000000
371,0.000000,0.016511,0.000829,10782.000000,2.000000,9.000000
372,0.000000,0.026647,0.000826,10811.000000,1.000000,9.000000
373,0.000000,0.053341,0.000820,10841.000000,1.000000,9.000000
374,0.000000,0.017265,0.000811,10870.000000,1.000000,9.000000
375,0.000000,0.035010,0.000795,10900.000000,1.000000,10.000000
376,0.000000,0.025927,0.000791,10930.000000,2.000000,9.000000
377,0.000000,0.027125,0.000789,10959.000000,1.000000,10.000000
378,0.000000,0.017112,0.000787,10988.000000,2.000000,9.000000
379,0.000000,0.040444,0.000784,11018.000000,2.000000,11.000000
380,0.000000,0.052127,0.000781,11056.000000,2.000000,11.000000
381,0.000000,0.025933,0.000777,11085.000000,1.000000,9.000000
382,0.000000,0.105823,0.000781,11114.000000,2.000000,9.000000
383,0.000000,0.016483,0.000774,11144.000000,2.000000,9.000000
384,0.000000,0.011675,0.000773,11173.000000,1.000000,9.000000
385,0.000000,0.025228,0.000773,11202.000000,2.000000,9.000000
386,0.000000,0.039125,0.000771,11232.000000,1.000000,9.000000
387,0.000000,0.046437,0.000768,11261.000000,1.000000,8.000000
388,0.000000,0.041220,0.000764,11290.000000,2.000000,9.000000
389,0.000000,0.040500,0.000753,11318.000000,2.000000,9.000000
390,0.000000,0.018661,0.000745,11348.000000,1.000000,9.000000
391,0.000000,0.035390,0.000740,11375.000000,2.000000,9.000000
392,0.000000,0.115800,0.000740,11403.000000,2.000000,9.000000
393,0.000000,0.039949,0.000734,11433.000000,1.000000,9.000000
394,0.000000,0.014972,0.000731,11462.000000,2.000000,9.000000
395,0.000000,0.027803,0.000724,11492.000000,2.000000,9.000000
396,0.000000,0.022272,0.000720,11520.000000,1.000000,9.000000
397,0.000000,0.071339,0.000726,11546.000000,2.000000,9.000000
398,0.000000,0.020827,0.000711,11574.000000,1.000000,9.000000
399,0.000000,0.062347,0.000708,11604.000000,1.000000,9.000000
400,0.000000,0.036768,0.000704,11633.000000,2.000000,9.000000
401,0.000000,0.016813,0.000702,11663.000000,1.000000,9.000000
402,0.000000,0.020823,0.000700,11692.000000,2.000000,9.000000
403,0.000000,0.040681,0.000696,11721.000000,1.000000,9.000000
404,0.000000,0.058314,0.000689,11751.000000,2.000000,9.000000
405,0.000000,0.024029,0.000679,11783.000000,1.000000,11.000000
406,0.000000,0.233035,0.000694,11817.000000,2.000000,11.000000
407,0.000000,0.030142,0.000668,11851.000000,2.000000,12.000000
408,0.000000,0.019765,0.000666,11885.000000,1.000000,11.000000
409,0.000000,0.027497,0.000664,11924.000000,2.000000,16.000000
410,0.000000,0.035887,0.000660,11965.000000,2.000000,15.000000
411,0.000000,0.083002,0.000655,11999.000000,1.000000,9.000000
412,0.000000,0.028775,0.000641,12028.000000,1.000000,8.000000
413,0.000000,0.049715,0.000634,12056.000000,1.000000,9.000000
414,0.000000,0.466214,0.000710,12086.000000,2.000000,9.000000
415,0.000000,0.041586,0.000625,12114.000000,2.000000,9.000000
416,0.000000,0.035497,0.000624,12143.000000,2.000000,9.000000
417,0.000000,0.032892,0.000610,12171.000000,2.000000,9.000000
418,0.000000,0.035771,0.000603,12200.000000,2.000000,9.000000
419,0.000000,0.069336,0.000770,12230.000000,1.000000,9.000000
420,0.000000,0.129061,0.000914,12257.000000,2.000000,9.000000
421,0.000000,10.303027,0.048685,12286.000000,2.000000,8.000000
422,0.000000,0.021668,0.000581,12313.000000,2.000000,8.000000
423,0.000000,0.023111,0.000576,12342.000000,2.000000,8.000000
424,0.000000,0.085574,0.000596,12369.000000,2.000000,9.000000
425,0.000000,0.013332,0.000571,12397.000000,2.000000,9.000000
426,0.000000,0.012062,0.000569,12426.000000,2.000000,9.000000
427,0.000000,0.018398,0.000542,12455.000000,2.000000,9.000000
428,0.000000,0.613914,0.000684,12484.000000,2.000000,9.000000
429,0.000000,0.035066,0.000535,12513.000000,2.000000,9.000000
430,0.000000,0.023836,0.000533,12542.000000,2.000000,9.000000
431,0.000000,0.016435,0.000531,12571.000000,1.000000,9.000000
432,0.000000,0.015255,0.000528,12600.000000,2.000000,9.000000
433,0.000000,0.034561,0.000512,12629.000000,1.000000,9.000000
434,0.000000,0.034256,0.000505,12657.000000,1.000000,8.000000
435,0.000000,1.976308,0.002270,12686.000000,2.000000,9.000000
436,0.000000,0.013736,0.000499,12714.000000,2.000000,9.000000
437,0.000000,0.017443,0.000498,12743.000000,2.000000,9.000000
438,0.000000,0.021479,0.000484,12772.000000,2.000000,9.000000
439,0.000000,0.039932,0.000463,12801.000000,2.000000,9.000000
440,0.000000,0.022979,0.000457,12830.000000,1.000000,9.000000
441,0.000000,0.023187,0.000443,12857.000000,2.000000,9.000000
442,0.000000,0.192369,0.000453,12885.000000,1.000000,9.000000
443,0.000000,0.017598,0.000435,12914.000000,2.000000,9.000000
444,0.000000,0.016746,0.000435,12949.000000,2.000000,9.000000
445,0.000000,0.015803,0.000433,12978.000000,2.000000,9.000000
446,0.000000,0.049124,0.000466,13007.000000,2.000000,9.000000
447,0.000000,0.140448,0.000445,13035.000000,1.000000,9.000000
448,0.000000,0.017722,0.000392,13062.000000,2.000000,9.000000
449,0.000000,0.018826,0.000390,13091.000000,2.000000,9.000000
450,0.000000,0.339439,0.000432,13119.000000,2.000000,9.000000
451,0.000000,0.023010,0.000378,13148.000000,2.000000,9.000000
452,0.000000,0.009898,0.000376,13176.000000,2.000000,9.000000
453,0.000000,0.014557,0.000375,13205.000000,1.000000,9.000000
454,0.000000,0.017043,0.000373,13234.000000,2.000000,9.000000
455,0.000000,0.309378,0.000505,13264.000000,2.000000,9.000000
456,0.000000,0.028911,0.000363,13293.000000,2.000000,9.000000
457,0.000000,0.028671,0.000362,13320.000000,2.000000,9.000000
458,0.000000,0.013308,0.000362,13346.000000,2.000000,9.000000
459,0.000000,0.011346,0.000361,13376.000000,1.000000,9.000000
460,0.000000,0.011097,0.000359,13405.000000,1.000000,9.000000
461,0.000000,0.013472,0.000347,13434.000000,2.000000,9.000000
462,0.000000,0.160596,0.000436,13463.000000,1.000000,8.000000
463,0.000000,0.053340,0.000338,13491.000000,1.000000,9.000000
464,0.000000,0.155236,0.000348,13520.000000,2.000000,9.000000
465,0.000000,0.011749,0.000337,13549.000000,1.000000,9.000000
466,0.000000,0.011431,0.000336,13578.000000,1.000000,9.000000
467,0.000000,0.038918,0.000330,13607.000000,1.000000,9.000000
468,0.000000,0.027836,0.000328,13636.000000,2.000000,9.000000
469,0.000000,0.012987,0.000327,13665.000000,2.000000,9.000000
470,0.000000,0.023900,0.000326,13695.000000,2.000000,9.000000
471,0.000000,0.038223,0.000324,13721.000000,1.000000,9.000000
472,0.000000,0.011030,0.000323,13748.000000,2.000000,9.000000
473,0.000000,0.011698,0.000322,13777.000000,1.000000,9.000000
474,0.000000,0.010700,0.000321,13805.000000,1.000000,9.000000
475,0.000000,0.169331,0.000323,13833.000000,1.000000,9.000000
476,0.000000,0.053605,0.000314,13861.000000,2.000000,9.000000
477,0.000000,0.023154,0.000311,13890.000000,2.000000,8.000000
478,0.000000,0.043235,0.000305,13917.000000,2.000000,9.000000
479,0.000000,0.045036,0.000303,13944.000000,1.000000,8.000000
480,0.000000,0.490388,0.001346,13973.000000,2.000000,9.000000
481,0.000000,0.025702,0.000300,14002.000000,2.000000,9.000000
482,0.000000,0.012267,0.000299,14032.000000,1.000000,9.000000
483,0.000000,0.018174,0.000299,14061.000000,1.000000,9.000000
484,0.000000,0.031165,0.000297,14090.000000,2.000000,9.000000
485,0.000000,0.021199,0.000296,14119.000000,1.000000,9.000000
486,0.000000,0.009600,0.000295,14146.000000,2.000000,9.000000
487,0.000000,0.019903,0.000293,14175.000000,2.000000,9.000000
488,0.000000,0.020208,0.000292,14204.000000,2.000000,9.000000
489,0.000000,0.109429,0.000294,14232.000000,1.000000,9.000000
490,0.000000,0.023879,0.000289,14259.000000,2.000000,9.000000
491,0.000000,0.008421,0.000289,14287.000000,1.000000,8.000000
492,0.000000,0.010495,0.000288,14316.000000,2.000000,9.000000
493,0.000000,0.012681,0.000288,14343.000000,2.000000,9.000000
494,0.000000,0.019381,0.000288,14371.000000,2.000000,9.000000
495,0.000000,0.016719,0.000287,14400.000000,2.000000,9.000000
496,0.000000,0.030074,0.000286,14429.000000,1.000000,9.000000
497,0.000000,0.051985,0.000285,14458.000000,2.000000,9.000000
498,0.000000,0.011225,0.000282,14486.000000,2.000000,9.000000
499,0.000000,0.011063,0.000281,14516.000000,1.000000,9.000000
500,0.000000,0.013876,0.000280,14543.000000,2.000000,9.000000
501,0.000000,0.015338,0.000276,14570.000000,1.000000,8.000000
502,0.000000,0.481105,0.000578,14600.000000,2.000000,8.000000
503,0.000000,0.012871,0.000267,14630.000000,1.000000,9.000000
504,0.000000,0.011228,0.000266,14657.000000,2.000000,9.000000
505,0.000000,0.011797,0.000265,14684.000000,1.000000,8.000000
506,0.000000,0.025373,0.000264,14713.000000,1.000000,9.000000
507,0.000000,0.037824,0.000261,14742.000000,2.000000,9.000000
508,0.000000,0.038206,0.000255,14771.000000,2.000000,9.000000
509,0.000000,0.180431,0.000266,14799.000000,1.000000,9.000000
510,0.000000,0.026675,0.000249,14828.000000,2.000000,9.000000
511,0.000000,0.008818,0.000248,14857.000000,2.000000,9.000000
512,0.000000,0.013849,0.000248,14886.000000,2.000000,9.000000
513,0.000000,0.016719,0.000247,14914.000000,2.000000,9.000000
514,0.000000,0.012474,0.000247,14944.000000,1.000000,8.000000
515,0.000000,0.007663,0.000246,14972.000000,1.000000,9.000000
516,0.000000,0.032332,0.000245,15000.000000,1.000000,9.000000
517,0.000000,0.016593,0.000244,15029.000000,2.000000,9.000000
518,0.000000,0.006413,0.000243,15058.000000,2.000000,9.000000
519,0.000000,0.005110,0.000242,15085.000000,2.000000,9.000000
520,0.000000,0.007204,0.000242,15115.000000,1.000000,9.000000
521,0.000000,0.011704,0.000241,15144.000000,2.000000,9.000000
522,0.000000,0.107777,0.000246,15173.000000,2.000000,9.000000
523,0.000000,0.005398,0.000239,15202.000000,2.000000,9.000000
524,0.000000,0.005407,0.000239,15231.000000,2.000000,9.000000
525,0.000000,0.087653,0.000245,15260.000000,1.000000,9.000000
526,0.000000,0.013062,0.000237,15288.000000,1.000000,9.000000
527,0.000000,0.008491,0.000237,15316.000000,2.000000,9.000000
528,0.000000,0.004269,0.000236,15345.000000,1.000000,8.000000
529,0.000000,0.031202,0.000236,15373.000000,1.000000,9.000000
530,0.000000,0.013317,0.000235,15401.000000,1.000000,9.000000
531,0.000000,0.004840,0.000235,15430.000000,2.000000,9.000000
532,0.000000,0.019944,0.000234,15459.000000,2.000000,9.000000
533,0.000000,0.022906,0.000233,15488.000000,1.000000,9.000000
534,0.000000,0.006503,0.000233,15517.000000,2.000000,9.000000
535,0.000000,0.020877,0.000232,15545.000000,2.000000,9.000000
536,0.000000,0.009764,0.000232,15575.000000,2.000000,9.000000
537,0.000000,0.004888,0.000232,15603.000000,2.000000,9.000000
538,0.000000,0.004760,0.000232,15632.000000,1.000000,9.000000
539,0.000000,0.010809,0.000231,15660.000000,2.000000,8.000000
540,0.000000,0.020125,0.000231,15686.000000,1.000000,9.000000
541,0.000000,0.005361,0.000230,15713.000000,2.000000,9.000000
542,0.000000,0.009844,0.000230,15741.000000,2.000000,9.000000
543,0.000000,0.004957,0.000230,15766.000000,1.000000,8.000000
544,0.000000,0.007853,0.000229,15794.000000,2.000000,9.000000
545,0.000000,0.015750,0.000229,15823.000000,2.000000,8.000000
546,0.000000,0.019377,0.000228,15852.000000,2.000000,9.000000
547,0.000000,0.025011,0.000228,15881.000000,2.000000,9.000000
548,0.000000,0.010819,0.000227,15908.000000,2.000000,9.000000
549,0.000000,0.009104,0.000227,15937.000000,1.000000,9.000000
550,0.000000,0.007098,0.000227,15965.000000,2.000000,9.000000
551,0.000000,0.069917,0.000229,15994.000000,1.000000,9.000000
552,0.000000,0.007269,0.000226,16024.000000,1.000000,9.000000
553,0.000000,0.004769,0.000225,16053.000000,2.000000,9.000000
554,0.000000,0.010250,0.000225,16083.000000,1.000000,9.000000
555,0.000000,0.005820,0.000225,16112.000000,2.000000,9.000000
556,0.000000,0.004573,0.000225,16141.000000,2.000000,9.000000
557,0.000000,0.014924,0.000223,16170.000000,1.000000,9.000000
558,0.000000,0.025509,0.000223,16199.000000,1.000000,9.000000
559,0.000000,0.008907,0.000221,16229.000000,1.000000,8.000000
560,0.000000,0.005918,0.000221,16258.000000,2.000000,9.000000
561,0.000000,0.005535,0.000221,16285.000000,2.000000,9.000000
562,0.000000,0.499360,0.000405,16312.000000,1.000000,9.000000
563,0.000000,0.014180,0.000220,16342.000000,1.000000,9.000000
564,0.000000,0.010818,0.000220,16370.000000,2.000000,9.000000
565,0.000000,0.004329,0.000220,16398.000000,1.000000,9.000000
566,0.000000,0.004368,0.000220,16427.000000,1.000000,9.000000
567,0.000000,0.275706,0.000284,16457.000000,2.000000,9.000000
568,0.000000,0.014008,0.000218,16486.000000,2.000000,9.000000
569,0.000000,0.008310,0.000217,16515.000000,2.000000,9.000000
570,0.000000,0.015147,0.000216,16544.000000,2.000000,9.000000
571,0.000000,0.221399,0.000255,16574.000000,1.000000,9.000000
572,0.000000,0.005979,0.000215,16603.000000,1.000000,8.000000
573,0.000000,0.005831,0.000215,16632.000000,1.000000,9.000000
574,0.000000,0.008857,0.000211,16660.000000,2.000000,9.000000
575,0.000000,0.547297,0.000442,16689.000000,2.000000,9.000000
576,0.000000,0.008349,0.000211,16717.000000,2.000000,9.000000
577,0.000000,0.007910,0.000211,16744.000000,2.000000,9.000000
578,0.000000,0.032443,0.000209,16772.000000,1.000000,9.000000
579,0.000000,0.070367,0.000212,16801.000000,2.000000,9.000000
580,0.000000,0.006689,0.000207,16831.000000,1.000000,9.000000
581,0.000000,0.006176,0.000207,16861.000000,2.000000,9.000000
582,0.000000,0.009569,0.000204,16890.000000,1.000000,9.000000
583,0.000000,0.116956,0.000213,16920.000000,1.000000,10.000000
584,0.000000,0.009807,0.000203,16951.000000,2.000000,9.000000
585,0.000000,0.006356,0.000203,16981.000000,2.000000,8.000000
586,0.000000,0.010883,0.000203,17010.000000,2.000000,8.000000
587,0.000000,0.016620,0.000203,17039.000000,2.000000,9.000000
588,0.000000,0.036002,0.000202,17068.000000,2.000000,9.000000
589,0.000000,0.049500,0.000200,17096.000000,1.000000,9.000000
590,0.000000,0.036540,0.000198,17124.000000,1.000000,9.000000
591,0.000000,0.061516,0.000198,17152.000000,2.000000,8.000000
592,0.000000,0.026706,0.000196,17181.000000,2.000000,9.000000
593,0.000000,0.012244,0.000196,17211.000000,1.000000,8.000000
594,0.000000,0.008979,0.000195,17240.000000,2.000000,9.000000
595,0.000000,0.018012,0.000193,17270.000000,1.000000,9.000000
596,0.000000,0.034417,0.000191,17298.000000,2.000000,9.000000
597,0.000000,0.036866,0.000187,17326.000000,2.000000,9.000000
598,0.000000,0.244204,0.000213,17355.000000,1.000000,9.000000
599,0.000000,0.032715,0.000184,17385.000000,2.000000,9.000000
600,0.000000,0.016148,0.000183,17414.000000,2.000000,9.000000
601,0.000000,0.008223,0.000183,17441.000000,2.000000,8.000000
602,0.000000,0.011573,0.000182,17471.000000,1.000000,9.000000
603,0.000000,0.021735,0.000182,17499.000000,1.000000,9.000000
604,0.000000,0.027697,0.000180,17528.000000,2.000000,9.000000
605,0.000000,0.017930,0.000179,17558.000000,1.000000,9.000000
606,0.000000,0.038022,0.000179,17586.000000,1.000000,8.000000
607,0.000000,0.050835,0.000179,17616.000000,1.000000,8.000000
608,0.000000,0.009178,0.000178,17639.000000,2.000000,9.000000
609,0.000000,0.007871,0.000178,17669.000000,1.000000,10.000000
610,0.000000,0.005244,0.000176,17698.000000,2.000000,9.000000
611,0.000000,0.009556,0.000175,17726.000000,2.000000,9.000000
612,0.000000,0.026977,0.000173,17754.000000,2.000000,9.000000
613,0.000000,0.009696,0.000172,17784.000000,2.000000,9.000000
614,0.000000,0.007408,0.000171,17812.000000,1.000000,9.000000
615,0.000000,0.030624,0.000171,17841.000000,2.000000,9.000000
616,0.000000,0.013658,0.000170,17871.000000,1.000000,9.000000
617,0.000000,0.005516,0.000169,17900.000000,2.000000,9.000000
618,0.000000,0.006164,0.000169,17930.000000,2.000000,9.000000
619,0.000000,0.012388,0.000168,17960.000000,1.000000,9.000000
620,0.000000,0.009774,0.000168,17990.000000,1.000000,9.000000
621,0.000000,0.033631,0.000167,18020.000000,1.000000,9.000000
622,0.000000,0.005615,0.000167,18047.000000,2.000000,9.000000
623,0.000000,0.007636,0.000167,18077.000000,2.000000,9.000000
624,0.000000,0.013908,0.000166,18105.000000,1.000000,8.000000
625,0.000000,0.016214,0.000166,18134.000000,2.000000,9.000000
626,0.000000,0.012189,0.000165,18161.000000,2.000000,9.000000
627,0.000000,0.004581,0.000165,18190.000000,2.000000,9.000000
628,0.000000,0.016714,0.000164,18218.000000,2.000000,9.000000
629,0.000000,0.013059,0.000164,18248.000000,1.000000,9.000000
630,0.000000,0.004431,0.000164,18275.000000,1.000000,9.000000
631,0.000000,0.006053,0.000164,18303.000000,2.000000,9.000000
632,0.000000,0.009762,0.000163,18333.000000,2.000000,9.000000
633,0.000000,0.011562,0.000163,18362.000000,1.000000,9.000000
634,0.000000,0.077474,0.000163,18391.000000,2.000000,8.000000
635,0.000000,0.027031,0.000161,18420.000000,1.000000,9.000000
636,0.000000,0.006541,0.000160,18449.000000,2.000000,9.000000
637,0.000000,0.013858,0.000159,18478.000000,2.000000,9.000000
638,0.000000,0.013386,0.000159,18506.000000,1.000000,9.000000
639,0.000000,0.146923,0.000178,18535.000000,1.000000,9.000000
640,0.000000,0.015200,0.000158,18564.000000,2.000000,9.000000
641,0.000000,0.005291,0.000158,18593.000000,1.000000,9.000000
642,0.000000,0.005680,0.000158,18623.000000,2.000000,9.000000
643,0.000000,0.007789,0.000158,18651.000000,2.000000,9.000000
644,0.000000,0.019084,0.000158,18681.000000,1.000000,9.000000
645,0.000000,0.026658,0.000157,18710.000000,2.000000,9.000000
646,0.000000,0.021975,0.000157,18738.000000,1.000000,9.000000
647,0.000000,0.072345,0.000159,18767.000000,2.000000,9.000000
648,0.000000,0.010000,0.000156,18795.000000,2.000000,9.000000
649,0.000000,0.004456,0.000156,18825.000000,2.000000,9.000000
650,0.000000,0.006370,0.000156,18859.000000,2.000000,11.000000
651,0.000000,0.009608,0.000156,18894.000000,2.000000,11.000000
652,0.000000,0.017071,0.000155,18929.000000,2.000000,11.000000
653,0.000000,0.018342,0.000155,18967.000000,2.000000,12.000000
654,0.000000,0.264637,0.000185,19014.000000,4.000000,15.000000
655,0.000000,0.024346,0.000154,19061.000000,3.000000,14.000000
656,0.000000,0.016706,0.000153,19099.000000,2.000000,12.000000
657,0.000000,0.005354,0.000153,19132.000000,2.000000,9.000000
658,0.000000,0.005532,0.000153,19162.000000,1.000000,9.000000
659,0.000000,0.018452,0.000151,19191.000000,1.000000,9.000000
660,0.000000,0.026916,0.000149,19219.000000,2.000000,9.000000
661,0.000000,0.027200,0.000146,19249.000000,1.000000,9.000000
662,0.000000,0.504228,0.000286,19277.000000,2.000000,9.000000
663,0.000000,0.008021,0.000144,19306.000000,1.000000,8.000000
664,0.000000,0.009241,0.000143,19336.000000,1.000000,9.000000
665,0.000000,0.010383,0.000139,19365.000000,1.000000,9.000000
666,0.000000,0.116498,0.000146,19394.000000,2.000000,9.000000
667,0.000000,0.004701,0.000136,19424.000000,1.000000,9.000000
668,0.000000,0.004322,0.000136,19472.000000,2.000000,14.000000
669,0.000000,0.009285,0.000135,19527.000000,3.000000,15.000000
670,0.000000,0.040661,0.000136,19558.000000,2.000000,9.000000
671,0.000000,0.007542,0.000134,19586.000000,1.000000,8.000000
672,0.000000,0.004502,0.000134,19615.000000,2.000000,9.000000
673,0.000000,0.013257,0.000134,19644.000000,1.000000,8.000000
674,0.000000,0.014533,0.000134,19673.000000,2.000000,9.000000
675,0.000000,0.021943,0.000133,19702.000000,1.000000,9.000000
676,0.000000,0.015821,0.000132,19731.000000,1.000000,10.000000
677,0.000000,0.008722,0.000131,19760.000000,2.000000,9.000000
678,0.000000,0.077486,0.000131,19791.000000,2.000000,10.000000
679,0.000000,0.012160,0.000129,19822.000000,1.000000,10.000000
680,0.000000,0.006098,0.000128,19852.000000,1.000000,9.000000
681,0.000000,0.006379,0.000128,19883.000000,1.000000,10.000000
682,0.000000,0.008381,0.000128,19913.000000,2.000000,10.000000
683,0.000000,0.013509,0.000125,19943.000000,2.000000,10.000000
684,0.000000,0.011029,0.000133,19972.000000,2.000000,10.000000
685,0.000000,0.738543,0.000363,20002.000000,2.000000,9.000000
686,0.000000,0.017827,0.000123,20043.000000,2.000000,14.000000
687,0.000000,0.013779,0.000122,20081.000000,3.000000,11.000000
688,0.000000,0.007188,0.000122,20122.000000,2.000000,14.000000
689,0.000000,0.007586,0.000121,20161.000000,2.000000,15.000000
690,0.000000,0.015138,0.000119,20198.000000,2.000000,13.000000
691,0.000000,0.015891,0.000118,20237.000000,2.000000,13.000000
692,0.000000,0.561272,0.000271,20275.000000,3.000000,14.000000
693,0.000000,0.003932,0.000117,20313.000000,2.000000,14.000000
694,0.000000,0.003859,0.000117,20351.000000,2.000000,13.000000
695,0.000000,0.003944,0.000117,20389.000000,2.000000,13.000000
696,0.000000,0.004054,0.000116,20427.000000,3.000000,14.000000
697,0.000000,0.002873,0.000116,20466.000000,2.000000,14.000000
698,0.000000,0.002578,0.000115,20503.000000,2.000000,13.000000
699,0.000000,0.043552,0.000115,20541.000000,2.000000,13.000000
700,0.000000,0.003878,0.000115,20578.000000,2.000000,13.000000
701,0.000000,0.003379,0.000114,20617.000000,2.000000,15.000000
702,0.000000,0.016876,0.000117,20652.000000,1.000000,9.000000
703,0.000000,0.004576,0.000114,20681.000000,2.000000,9.000000
704,0.000000,0.003261,0.000113,20709.000000,2.000000,9.000000
705,0.000000,0.004222,0.000111,20737.000000,2.000000,9.000000
706,0.000000,0.079001,0.000113,20764.000000,2.000000,9.000000
707,0.000000,0.013182,0.000111,20799.000000,2.000000,13.000000
708,0.000000,0.008413,0.000110,20844.000000,3.000000,13.000000
709,0.000000,0.004552,0.000109,20887.000000,2.000000,13.000000
710,0.000000,0.005396,0.000108,20927.000000,2.000000,14.000000
711,0.000000,0.025874,0.000108,20975.000000,2.000000,14.000000
712,0.000000,0.009386,0.000106,21016.000000,2.000000,14.000000
713,0.000000,0.022479,0.000106,21062.000000,2.000000,13.000000
714,0.000000,0.006249,0.000105,21106.000000,2.000000,13.000000
715,0.000000,0.005299,0.000105,21146.000000,2.000000,13.000000
716,0.000000,0.006592,0.000105,21184.000000,2.000000,13.000000
717,0.000000,0.009689,0.000105,21229.000000,2.000000,14.000000
718,0.000000,0.015260,0.000103,21271.000000,2.000000,13.000000
719,0.000000,0.005561,0.000102,21313.000000,2.000000,14.000000
720,0.000000,0.092410,0.000105,21356.000000,2.000000,12.000000
721,0.000000,0.009882,0.000102,21384.000000,1.000000,9.000000
722,0.000000,0.006448,0.000102,21413.000000,2.000000,9.000000
723,0.000000,0.005007,0.000102,21443.000000,2.000000,9.000000
724,0.000000,0.005456,0.000101,21472.000000,2.000000,9.000000
725,0.000000,0.004938,0.000102,21502.000000,2.000000,9.000000
726,0.000000,0.037296,0.000107,21529.000000,1.000000,9.000000
727,0.000000,0.190840,0.000113,21556.000000,2.000000,9.000000
728,0.000000,0.010186,0.000099,21585.000000,1.000000,9.000000
729,0.000000,0.009038,0.000099,21614.000000,2.000000,9.000000
730,0.000000,0.003758,0.000098,21643.000000,2.000000,9.000000
731,0.000000,0.003065,0.000098,21673.000000,2.000000,9.000000
732,0.000000,0.002911,0.000097,21702.000000,2.000000,9.000000
733,0.000000,0.010165,0.000096,21733.000000,2.000000,9.000000
734,0.000000,0.097981,0.000099,21762.000000,1.000000,9.000000
735,0.000000,0.004333,0.000095,21791.000000,1.000000,9.000000
736,0.000000,0.004367,0.000095,21820.000000,2.000000,9.000000
737,0.000000,0.005956,0.000093,21847.000000,2.000000,8.000000
738,0.000000,0.007277,0.000092,21876.000000,2.000000,9.000000
739,0.000000,0.057899,0.000102,21905.000000,2.000000,8.000000
740,0.000000,0.005013,0.000091,21931.000000,2.000000,9.000000
741,0.000000,0.007195,0.000091,21959.000000,2.000000,9.000000
742,0.000000,0.016401,0.000091,21986.000000,1.000000,8.000000
743,0.000000,0.013645,0.000090,22026.000000,2.000000,14.000000
744,0.000000,0.024753,0.000090,22067.000000,2.000000,14.000000
745,0.000000,0.010557,0.000090,22106.000000,2.000000,14.000000
746,0.000000,0.005360,0.000090,22146.000000,3.000000,14.000000
747,0.000000,0.014458,0.000089,22184.000000,2.000000,14.000000
748,0.000000,0.017443,0.000089,22221.000000,2.000000,14.000000
749,0.000000,0.014345,0.000089,22258.000000,2.000000,13.000000
750,0.000000,0.048819,0.000095,22297.000000,3.000000,14.000000
751,0.000000,0.004929,0.000088,22335.000000,2.000000,13.000000
752,0.000000,0.003537,0.000088,22374.000000,3.000000,13.000000
753,0.000000,0.005522,0.000088,22411.000000,2.000000,13.000000
754,0.000000,0.005585,0.000088,22451.000000,2.000000,15.000000
755,0.000000,0.006160,0.000088,22489.000000,2.000000,14.000000
756,0.000000,0.010031,0.000088,22527.000000,2.000000,15.000000
757,0.000000,0.010234,0.000087,22565.000000,2.000000,14.000000
758,0.000000,0.137740,0.000093,22605.000000,2.000000,14.000000
759,0.000000,0.017571,0.000086,22643.000000,2.000000,14.000000
760,0.000000,0.014405,0.000086,22682.000000,2.000000,15.000000
761,0.000000,0.008650,0.000085,22720.000000,2.000000,14.000000
762,0.000000,0.007897,0.000085,22760.000000,2.000000,15.000000
763,0.000000,0.005955,0.000083,22798.000000,2.000000,14.000000
764,0.000000,0.015720,0.000081,22835.000000,2.000000,13.000000
765,0.000000,0.027777,0.000079,22876.000000,2.000000,15.000000
766,0.000000,0.007568,0.000079,22915.000000,2.000000,14.000000
767,0.000000,0.008616,0.000079,22954.000000,2.000000,14.000000
768,0.000000,0.007161,0.000078,22993.000000,2.000000,14.000000
769,0.000000,0.016629,0.000080,23031.000000,2.000000,14.000000
770,0.000000,0.083588,0.000079,23072.000000,3.000000,14.000000
771,0.000000,0.011695,0.000074,23110.000000,2.000000,13.000000
772,0.000000,0.006396,0.000074,23147.000000,2.000000,14.000000
773,0.000000,0.006254,0.000074,23185.000000,2.000000,14.000000
774,0.000000,0.033985,0.000077,23225.000000,3.000000,14.000000
775,0.000000,0.010428,0.000071,23267.000000,2.000000,14.000000
776,0.000000,0.004596,0.000071,23307.000000,2.000000,14.000000
777,0.000000,0.024804,0.000070,23345.000000,2.000000,13.000000
778,0.000000,0.006339,0.000070,23383.000000,2.000000,13.000000
779,0.000000,0.005391,0.000070,23421.000000,2.000000,14.000000
780,0.000000,0.006230,0.000070,23459.000000,2.000000,14.000000
781,0.000000,0.011502,0.000069,23497.000000,3.000000,12.000000
782,0.000000,0.014423,0.000068,23536.000000,2.000000,15.000000
783,0.000000,0.060006,0.000069,23574.000000,2.000000,13.000000
784,0.000000,0.016358,0.000067,23614.000000,2.000000,13.000000
785,0.000000,0.004374,0.000066,23653.000000,2.000000,14.000000
786,0.000000,0.008364,0.000066,23693.000000,2.000000,14.000000
787,0.000000,0.005791,0.000065,23731.000000,2.000000,13.000000
788,0.000000,0.004907,0.000066,23771.000000,2.000000,15.000000
789,0.000000,0.029054,0.000065,23810.000000,2.000000,15.000000
790,0.000000,0.035104,0.000065,23848.000000,2.000000,14.000000
791,0.000000,0.006215,0.000064,23887.000000,2.000000,14.000000
792,0.000000,0.003760,0.000064,23925.000000,2.000000,14.000000
793,0.000000,0.003295,0.000064,23964.000000,2.000000,14.000000
794,0.000000,0.003539,0.000064,24003.000000,2.000000,14.000000
795,0.000000,0.047348,0.000079,24041.000000,2.000000,13.000000
796,0.000000,0.043570,0.000065,24079.000000,2.000000,14.000000
797,0.000000,0.114790,0.000070,24119.000000,2.000000,14.000000
798,0.000000,0.009137,0.000063,24157.000000,2.000000,13.000000
799,0.000000,0.006392,0.000063,24199.000000,2.000000,14.000000
800,0.000000,0.003570,0.000063,24237.000000,2.000000,14.000000
801,0.000000,0.004118,0.000063,24278.000000,2.000000,13.000000
802,0.000000,0.003444,0.000063,24317.000000,2.000000,13.000000
803,0.000000,0.002122,0.000063,24355.000000,2.000000,14.000000
804,0.000000,0.080889,0.000065,24393.000000,2.000000,14.000000
805,0.000000,0.002689,0.000062,24433.000000,2.000000,13.000000
806,0.000000,0.002451,0.000062,24472.000000,2.000000,13.000000
